Gene,Population 1,Population 2,Normalized lineage score,Significant guides,Total guides,,,,,,,,,,,,,,,,,,,,
Spi1,GMP,LSKd7,-3.909819218,11,16,,,,,,,,,,,,,,,,,,,,
Cebpa,GMP,LSKd7,-3.199220923,9,16,,,,,,,,,,,,,,,,,,,,
Gata2,GMP,LSKd7,1.022519449,5,16,,,,,,,,,,,,,,,,,,,,
Pax5,GMP,LSKd7,0.530616367,0,16,,,,,,,,,,,,,,,,,,,,
Mbd2,GMP,LSKd7,1.17682687,3,10,,,,,,,,,,,,,,,,,,,,
Zfpm1,GMP,LSKd7,1.600703363,2,10,,,,,,,,,,,,,,,,,,,,
Ezh2,GMP,LSKd7,1.350098565,1,10,,,,,,,,,,,,,,,,,,,,
Gata1,GMP,LSKd7,0.499948717,0,10,,,,,,,,,,,,,,,,,,,,
Ebf1,GMP,LSKd7,0.299665828,0,10,,,,,,,,,,,,,,,,,,,,
Men1,GMP,LSKd7,4.358609267,6,6,,,,,,,,,,,,,,,,,,,,
Setd1b,GMP,LSKd7,-4.067078576,6,6,,,,,,,,,,,,,,,,,,,,
Ash2l,GMP,LSKd7,-4.946196823,6,6,,,,,,,,,,,,,,,,,,,,
Kmt2a,GMP,LSKd7,4.431416861,5,6,,,,,,,,,,,,,,,,,,,,
Cxxc1,GMP,LSKd7,-3.394507196,5,6,,,,,,,,,,,,,,,,,,,,
Rbbp5,GMP,LSKd7,-4.360096283,5,6,,,,,,,,,,,,,,,,,,,,
Bcl11a,GMP,LSKd7,2.381865509,4,6,,,,,,,,,,,,,,,,,,,,
Dpy30,GMP,LSKd7,-2.882210593,4,6,,,,,,,,,,,,,,,,,,,,
Smarcc1,GMP,LSKd7,2.91238891,3,6,,,,,,,,,,,,,,,,,,,,
Kat8,GMP,LSKd7,2.577267165,3,6,,,,,,,,,,,,,,,,,,,,
Smarce1,GMP,LSKd7,2.381440217,3,6,,,,,,,,,,,,,,,,,,,,
Nup153,GMP,LSKd7,2.21952962,3,6,,,,,,,,,,,,,,,,,,,,
Kdm5a,GMP,LSKd7,2.196171448,3,6,,,,,,,,,,,,,,,,,,,,
Smarca4,GMP,LSKd7,1.910759683,3,6,,,,,,,,,,,,,,,,,,,,
Ss18,GMP,LSKd7,1.780358508,3,6,,,,,,,,,,,,,,,,,,,,
Actl6a,GMP,LSKd7,1.620874974,3,6,,,,,,,,,,,,,,,,,,,,
Rcor1,GMP,LSKd7,-2.302780679,3,6,,,,,,,,,,,,,,,,,,,,
Hcfc1,GMP,LSKd7,-2.521621656,3,6,,,,,,,,,,,,,,,,,,,,
Wdr82,GMP,LSKd7,-3.292191257,3,6,,,,,,,,,,,,,,,,,,,,
Nup62,GMP,LSKd7,2.266144086,2,6,,,,,,,,,,,,,,,,,,,,
Nup85,GMP,LSKd7,2.099559599,2,6,,,,,,,,,,,,,,,,,,,,
Dpf2,GMP,LSKd7,1.820817836,2,6,,,,,,,,,,,,,,,,,,,,
Nup133,GMP,LSKd7,1.681712061,2,6,,,,,,,,,,,,,,,,,,,,
Kmt2e,GMP,LSKd7,1.479290642,2,6,,,,,,,,,,,,,,,,,,,,
Wdr5,GMP,LSKd7,1.471105166,2,6,,,,,,,,,,,,,,,,,,,,
Ncoa6,GMP,LSKd7,1.392094136,2,6,,,,,,,,,,,,,,,,,,,,
Smarcad1,GMP,LSKd7,1.279659713,2,6,,,,,,,,,,,,,,,,,,,,
Smarcd2,GMP,LSKd7,1.252969347,2,6,,,,,,,,,,,,,,,,,,,,
Smarcb1,GMP,LSKd7,1.210189461,2,6,,,,,,,,,,,,,,,,,,,,
Arid2,GMP,LSKd7,1.059511116,2,6,,,,,,,,,,,,,,,,,,,,
Paxip1,GMP,LSKd7,-1.643305374,2,6,,,,,,,,,,,,,,,,,,,,
Rbbp4,GMP,LSKd7,1.859445194,1,6,,,,,,,,,,,,,,,,,,,,
Hdac1,GMP,LSKd7,1.703217319,1,6,,,,,,,,,,,,,,,,,,,,
Nup43,GMP,LSKd7,1.678764553,1,6,,,,,,,,,,,,,,,,,,,,
Hdac2,GMP,LSKd7,1.671364081,1,6,,,,,,,,,,,,,,,,,,,,
Arid1a,GMP,LSKd7,1.639684825,1,6,,,,,,,,,,,,,,,,,,,,
Arid1b,GMP,LSKd7,1.583277506,1,6,,,,,,,,,,,,,,,,,,,,
Pbrm1,GMP,LSKd7,1.4708688,1,6,,,,,,,,,,,,,,,,,,,,
Nup35,GMP,LSKd7,1.457649246,1,6,,,,,,,,,,,,,,,,,,,,
Bcl11b,GMP,LSKd7,1.334796594,1,6,,,,,,,,,,,,,,,,,,,,
Dpf3,GMP,LSKd7,1.312812316,1,6,,,,,,,,,,,,,,,,,,,,
Ezh1,GMP,LSKd7,1.305331954,1,6,,,,,,,,,,,,,,,,,,,,
Rbbp7,GMP,LSKd7,1.178804403,1,6,,,,,,,,,,,,,,,,,,,,
Chd3,GMP,LSKd7,1.109128102,1,6,,,,,,,,,,,,,,,,,,,,
Bcl7a,GMP,LSKd7,1.048134762,1,6,,,,,,,,,,,,,,,,,,,,
Rest,GMP,LSKd7,0.884845599,1,6,,,,,,,,,,,,,,,,,,,,
Smarca5,GMP,LSKd7,0.592142674,1,6,,,,,,,,,,,,,,,,,,,,
Smarca2,GMP,LSKd7,0.505150779,1,6,,,,,,,,,,,,,,,,,,,,
Kmt2d,GMP,LSKd7,-0.140953669,1,6,,,,,,,,,,,,,,,,,,,,
Pagr1a,GMP,LSKd7,-0.59602294,1,6,,,,,,,,,,,,,,,,,,,,
Eif3d,GMP,LSKd7,-0.895014521,1,6,,,,,,,,,,,,,,,,,,,,
Eif3b,GMP,LSKd7,-1.424429715,1,6,,,,,,,,,,,,,,,,,,,,
Ncor2,GMP,LSKd7,1.633666627,0,6,,,,,,,,,,,,,,,,,,,,
Tbl1xr1,GMP,LSKd7,1.450954325,0,6,,,,,,,,,,,,,,,,,,,,
Gltscr1l,GMP,LSKd7,1.322029969,0,6,,,,,,,,,,,,,,,,,,,,
Mta3,GMP,LSKd7,1.257171616,0,6,,,,,,,,,,,,,,,,,,,,
Ss18l1,GMP,LSKd7,1.090787175,0,6,,,,,,,,,,,,,,,,,,,,
Mta2,GMP,LSKd7,1.010541679,0,6,,,,,,,,,,,,,,,,,,,,
Phf10,GMP,LSKd7,0.959905346,0,6,,,,,,,,,,,,,,,,,,,,
Brd7,GMP,LSKd7,0.929029413,0,6,,,,,,,,,,,,,,,,,,,,
Nupr1,GMP,LSKd7,0.832073992,0,6,,,,,,,,,,,,,,,,,,,,
Tbl1x,GMP,LSKd7,0.776452079,0,6,,,,,,,,,,,,,,,,,,,,
Nup50,GMP,LSKd7,0.761034705,0,6,,,,,,,,,,,,,,,,,,,,
Kmt2c,GMP,LSKd7,0.760301106,0,6,,,,,,,,,,,,,,,,,,,,
Smarcal1,GMP,LSKd7,0.732965384,0,6,,,,,,,,,,,,,,,,,,,,
Kdm5b,GMP,LSKd7,0.669218756,0,6,,,,,,,,,,,,,,,,,,,,
Kmt2b,GMP,LSKd7,0.665576584,0,6,,,,,,,,,,,,,,,,,,,,
Gltscr1,GMP,LSKd7,0.584937981,0,6,,,,,,,,,,,,,,,,,,,,
Smarcc2,GMP,LSKd7,0.545308097,0,6,,,,,,,,,,,,,,,,,,,,
Mbd3,GMP,LSKd7,0.42496328,0,6,,,,,,,,,,,,,,,,,,,,
Bcl7b,GMP,LSKd7,0.409982821,0,6,,,,,,,,,,,,,,,,,,,,
Hdac3,GMP,LSKd7,0.320120123,0,6,,,,,,,,,,,,,,,,,,,,
Ncor1,GMP,LSKd7,0.158987267,0,6,,,,,,,,,,,,,,,,,,,,
Bptf,GMP,LSKd7,0.145234787,0,6,,,,,,,,,,,,,,,,,,,,
Kdm1a,GMP,LSKd7,-0.021294252,0,6,,,,,,,,,,,,,,,,,,,,
Prmt10,GMP,LSKd7,-0.038792657,0,6,,,,,,,,,,,,,,,,,,,,
Maml3,GMP,LSKd7,-0.100159557,0,6,,,,,,,,,,,,,,,,,,,,
Smarcd1,GMP,LSKd7,-0.116399228,0,6,,,,,,,,,,,,,,,,,,,,
Trp53,GMP,LSKd7,-0.185882675,0,6,,,,,,,,,,,,,,,,,,,,
Setd1a,GMP,LSKd7,-0.304784693,0,6,,,,,,,,,,,,,,,,,,,,
Brd9,GMP,LSKd7,-0.920677895,0,6,,,,,,,,,,,,,,,,,,,,
Chd4,GMP,LSKd7,-1.488289351,0,6,,,,,,,,,,,,,,,,,,,,
Ash1l,GMP,LSKd7,4.829180278,4,4,,,,,,,,,,,,,,,,,,,,
Setdb1,GMP,LSKd7,3.964142956,3,4,,,,,,,,,,,,,,,,,,,,
Ehmt2,GMP,LSKd7,-3.117635358,3,4,,,,,,,,,,,,,,,,,,,,
Stag2,GMP,LSKd7,-4.350388054,3,4,,,,,,,,,,,,,,,,,,,,
Dnmt1,GMP,LSKd7,2.839404433,2,4,,,,,,,,,,,,,,,,,,,,
Uhrf1,GMP,LSKd7,2.833402012,2,4,,,,,,,,,,,,,,,,,,,,
Phc3,GMP,LSKd7,1.488210156,2,4,,,,,,,,,,,,,,,,,,,,
Chmp2a,GMP,LSKd7,1.437026024,2,4,,,,,,,,,,,,,,,,,,,,
Ehmt1,GMP,LSKd7,-2.222222664,2,4,,,,,,,,,,,,,,,,,,,,
Smc3,GMP,LSKd7,-2.237590976,2,4,,,,,,,,,,,,,,,,,,,,
Cbx3,GMP,LSKd7,2.306298431,1,4,,,,,,,,,,,,,,,,,,,,
Mtf2,GMP,LSKd7,2.203226631,1,4,,,,,,,,,,,,,,,,,,,,
Smc2,GMP,LSKd7,1.990931877,1,4,,,,,,,,,,,,,,,,,,,,
Cbx5,GMP,LSKd7,1.479744355,1,4,,,,,,,,,,,,,,,,,,,,
Prmt5,GMP,LSKd7,1.382756084,1,4,,,,,,,,,,,,,,,,,,,,
Cbx7,GMP,LSKd7,1.374269377,1,4,,,,,,,,,,,,,,,,,,,,
Asf1a,GMP,LSKd7,1.160034176,1,4,,,,,,,,,,,,,,,,,,,,
Chaf1a,GMP,LSKd7,0.565977841,1,4,,,,,,,,,,,,,,,,,,,,
Hdac7,GMP,LSKd7,0.417280894,1,4,,,,,,,,,,,,,,,,,,,,
Kdm7a,GMP,LSKd7,0.340829897,1,4,,,,,,,,,,,,,,,,,,,,
Smyd2,GMP,LSKd7,0.222959657,1,4,,,,,,,,,,,,,,,,,,,,
Ncapd2,GMP,LSKd7,0.221136171,1,4,,,,,,,,,,,,,,,,,,,,
Phf5a,GMP,LSKd7,0.152338998,1,4,,,,,,,,,,,,,,,,,,,,
Smyd3,GMP,LSKd7,-0.005621899,1,4,,,,,,,,,,,,,,,,,,,,
Wbscr27,GMP,LSKd7,-0.439082133,1,4,,,,,,,,,,,,,,,,,,,,
Hmg20a,GMP,LSKd7,-0.732779336,1,4,,,,,,,,,,,,,,,,,,,,
Mettl7a1,GMP,LSKd7,-1.011489885,1,4,,,,,,,,,,,,,,,,,,,,
Kat2a,GMP,LSKd7,-1.457643819,1,4,,,,,,,,,,,,,,,,,,,,
Asf1b,GMP,LSKd7,-1.666995295,1,4,,,,,,,,,,,,,,,,,,,,
Gatad2b,GMP,LSKd7,1.306766347,0,4,,,,,,,,,,,,,,,,,,,,
Baz1b,GMP,LSKd7,1.132063664,0,4,,,,,,,,,,,,,,,,,,,,
Mllt6,GMP,LSKd7,1.071101278,0,4,,,,,,,,,,,,,,,,,,,,
Prmt7,GMP,LSKd7,0.98960574,0,4,,,,,,,,,,,,,,,,,,,,
Snd1,GMP,LSKd7,0.979355614,0,4,,,,,,,,,,,,,,,,,,,,
Carm1,GMP,LSKd7,0.966566421,0,4,,,,,,,,,,,,,,,,,,,,
Trim28,GMP,LSKd7,0.957106789,0,4,,,,,,,,,,,,,,,,,,,,
Hdac9,GMP,LSKd7,0.884003308,0,4,,,,,,,,,,,,,,,,,,,,
Sp100,GMP,LSKd7,0.845573781,0,4,,,,,,,,,,,,,,,,,,,,
Sap30,GMP,LSKd7,0.780386315,0,4,,,,,,,,,,,,,,,,,,,,
Mbd5,GMP,LSKd7,0.750731216,0,4,,,,,,,,,,,,,,,,,,,,
Dnmt3a,GMP,LSKd7,0.606383946,0,4,,,,,,,,,,,,,,,,,,,,
Tdrd7,GMP,LSKd7,0.576235546,0,4,,,,,,,,,,,,,,,,,,,,
Prmt2,GMP,LSKd7,0.569878841,0,4,,,,,,,,,,,,,,,,,,,,
Shprh,GMP,LSKd7,0.559899875,0,4,,,,,,,,,,,,,,,,,,,,
Chd7,GMP,LSKd7,0.556632236,0,4,,,,,,,,,,,,,,,,,,,,
Hdac4,GMP,LSKd7,0.523947042,0,4,,,,,,,,,,,,,,,,,,,,
Morf4l2,GMP,LSKd7,0.508945831,0,4,,,,,,,,,,,,,,,,,,,,
Prdm16,GMP,LSKd7,0.507480123,0,4,,,,,,,,,,,,,,,,,,,,
Phf6,GMP,LSKd7,0.502025974,0,4,,,,,,,,,,,,,,,,,,,,
Cbx4,GMP,LSKd7,0.486365318,0,4,,,,,,,,,,,,,,,,,,,,
Baz1a,GMP,LSKd7,0.445503027,0,4,,,,,,,,,,,,,,,,,,,,
Sirt7,GMP,LSKd7,0.445264937,0,4,,,,,,,,,,,,,,,,,,,,
Suv39h1,GMP,LSKd7,0.4339735,0,4,,,,,,,,,,,,,,,,,,,,
Dnmt3b,GMP,LSKd7,0.427628619,0,4,,,,,,,,,,,,,,,,,,,,
Sirt5,GMP,LSKd7,0.386114686,0,4,,,,,,,,,,,,,,,,,,,,
Kdm3a,GMP,LSKd7,0.383302308,0,4,,,,,,,,,,,,,,,,,,,,
Kdm8,GMP,LSKd7,0.359566489,0,4,,,,,,,,,,,,,,,,,,,,
Rai1,GMP,LSKd7,0.331318654,0,4,,,,,,,,,,,,,,,,,,,,
Hmgb3,GMP,LSKd7,0.224643356,0,4,,,,,,,,,,,,,,,,,,,,
Tsfm,GMP,LSKd7,0.150471694,0,4,,,,,,,,,,,,,,,,,,,,
Setd6,GMP,LSKd7,0.114059607,0,4,,,,,,,,,,,,,,,,,,,,
Sirt3,GMP,LSKd7,0.099040102,0,4,,,,,,,,,,,,,,,,,,,,
Phf1,GMP,LSKd7,0.085583351,0,4,,,,,,,,,,,,,,,,,,,,
Smc4,GMP,LSKd7,0.084889188,0,4,,,,,,,,,,,,,,,,,,,,
Suv39h2,GMP,LSKd7,0.051625275,0,4,,,,,,,,,,,,,,,,,,,,
Ncapd3,GMP,LSKd7,0.046797682,0,4,,,,,,,,,,,,,,,,,,,,
Cbx6,GMP,LSKd7,0.01800434,0,4,,,,,,,,,,,,,,,,,,,,
Cbx2,GMP,LSKd7,-0.017388881,0,4,,,,,,,,,,,,,,,,,,,,
Nasp,GMP,LSKd7,-0.025471278,0,4,,,,,,,,,,,,,,,,,,,,
Hmgn1,GMP,LSKd7,-0.098561986,0,4,,,,,,,,,,,,,,,,,,,,
Setd7,GMP,LSKd7,-0.106270182,0,4,,,,,,,,,,,,,,,,,,,,
Hdac10,GMP,LSKd7,-0.136065266,0,4,,,,,,,,,,,,,,,,,,,,
Hat1,GMP,LSKd7,-0.208787983,0,4,,,,,,,,,,,,,,,,,,,,
Suv420h1,GMP,LSKd7,-0.227109079,0,4,,,,,,,,,,,,,,,,,,,,
Prmt1,GMP,LSKd7,-0.364112818,0,4,,,,,,,,,,,,,,,,,,,,
Setd8,GMP,LSKd7,-0.416774941,0,4,,,,,,,,,,,,,,,,,,,,
Chaf1b,GMP,LSKd7,-0.500419274,0,4,,,,,,,,,,,,,,,,,,,,
Phf21a,GMP,LSKd7,-0.512534002,0,4,,,,,,,,,,,,,,,,,,,,
Setd4,GMP,LSKd7,-0.51491224,0,4,,,,,,,,,,,,,,,,,,,,
Setdb2,GMP,LSKd7,-0.557537577,0,4,,,,,,,,,,,,,,,,,,,,
Mettl13,GMP,LSKd7,-0.567731219,0,4,,,,,,,,,,,,,,,,,,,,
Prmt6,GMP,LSKd7,-0.726837498,0,4,,,,,,,,,,,,,,,,,,,,
Kdm6b,GMP,LSKd7,-0.955246916,0,4,,,,,,,,,,,,,,,,,,,,
Chd2,GMP,LSKd7,-1.582216429,0,4,,,,,,,,,,,,,,,,,,,,
Setbp1,GMP,LSKd7,-1.632962876,0,4,,,,,,,,,,,,,,,,,,,,
Med20,GMP,LSKd7,-3.895434615,3,3,,,,,,,,,,,,,,,,,,,,
Med12,GMP,LSKd7,-4.201537397,3,3,,,,,,,,,,,,,,,,,,,,
Uba2,GMP,LSKd7,3.989578352,2,3,,,,,,,,,,,,,,,,,,,,
Mecom,GMP,LSKd7,3.491636446,2,3,,,,,,,,,,,,,,,,,,,,
Kat6a,GMP,LSKd7,2.886923071,2,3,,,,,,,,,,,,,,,,,,,,
Srsf1,GMP,LSKd7,2.411280783,2,3,,,,,,,,,,,,,,,,,,,,
Phf12,GMP,LSKd7,1.978598582,2,3,,,,,,,,,,,,,,,,,,,,
Med14,GMP,LSKd7,-2.048945727,2,3,,,,,,,,,,,,,,,,,,,,
Med11,GMP,LSKd7,-2.281616307,2,3,,,,,,,,,,,,,,,,,,,,
Ccdc101,GMP,LSKd7,-2.925834328,2,3,,,,,,,,,,,,,,,,,,,,
Syncrip,GMP,LSKd7,-3.216067041,2,3,,,,,,,,,,,,,,,,,,,,
Taf4a,GMP,LSKd7,-3.240015093,2,3,,,,,,,,,,,,,,,,,,,,
Med8,GMP,LSKd7,-3.451095821,2,3,,,,,,,,,,,,,,,,,,,,
Med31,GMP,LSKd7,-3.742578861,2,3,,,,,,,,,,,,,,,,,,,,
Zfp217,GMP,LSKd7,-3.855928497,2,3,,,,,,,,,,,,,,,,,,,,
Cstf1,GMP,LSKd7,3.902576523,1,3,,,,,,,,,,,,,,,,,,,,
Hira,GMP,LSKd7,3.290425994,1,3,,,,,,,,,,,,,,,,,,,,
Jade2,GMP,LSKd7,3.06011972,1,3,,,,,,,,,,,,,,,,,,,,
Sp1,GMP,LSKd7,2.846178165,1,3,,,,,,,,,,,,,,,,,,,,
Yy1,GMP,LSKd7,2.573715497,1,3,,,,,,,,,,,,,,,,,,,,
Nfrkb,GMP,LSKd7,2.450424359,1,3,,,,,,,,,,,,,,,,,,,,
Gse1,GMP,LSKd7,2.285785788,1,3,,,,,,,,,,,,,,,,,,,,
Pias1,GMP,LSKd7,2.278188178,1,3,,,,,,,,,,,,,,,,,,,,
Kdm2b,GMP,LSKd7,2.262093368,1,3,,,,,,,,,,,,,,,,,,,,
Crebbp,GMP,LSKd7,2.053779417,1,3,,,,,,,,,,,,,,,,,,,,
Ncaph,GMP,LSKd7,1.842012413,1,3,,,,,,,,,,,,,,,,,,,,
Cul4b,GMP,LSKd7,1.685740645,1,3,,,,,,,,,,,,,,,,,,,,
Dhx8,GMP,LSKd7,1.598879819,1,3,,,,,,,,,,,,,,,,,,,,
Pias3,GMP,LSKd7,1.522702142,1,3,,,,,,,,,,,,,,,,,,,,
Dmap1,GMP,LSKd7,1.275993144,1,3,,,,,,,,,,,,,,,,,,,,
Kdm5c,GMP,LSKd7,1.250256909,1,3,,,,,,,,,,,,,,,,,,,,
Las1l,GMP,LSKd7,1.244792099,1,3,,,,,,,,,,,,,,,,,,,,
Smc6,GMP,LSKd7,1.215039756,1,3,,,,,,,,,,,,,,,,,,,,
Med24,GMP,LSKd7,1.062053543,1,3,,,,,,,,,,,,,,,,,,,,
Hmgb1,GMP,LSKd7,1.024261282,1,3,,,,,,,,,,,,,,,,,,,,
Noc2l,GMP,LSKd7,1.010347351,1,3,,,,,,,,,,,,,,,,,,,,
Sin3b,GMP,LSKd7,0.933363996,1,3,,,,,,,,,,,,,,,,,,,,
Purb,GMP,LSKd7,0.885927594,1,3,,,,,,,,,,,,,,,,,,,,
Cdc73,GMP,LSKd7,0.669629706,1,3,,,,,,,,,,,,,,,,,,,,
Top2a,GMP,LSKd7,0.564423084,1,3,,,,,,,,,,,,,,,,,,,,
Mdm4,GMP,LSKd7,0.406690962,1,3,,,,,,,,,,,,,,,,,,,,
Arid4a,GMP,LSKd7,0.128526345,1,3,,,,,,,,,,,,,,,,,,,,
Med19,GMP,LSKd7,0.118238767,1,3,,,,,,,,,,,,,,,,,,,,
Phf11b,GMP,LSKd7,-0.234983965,1,3,,,,,,,,,,,,,,,,,,,,
Med15,GMP,LSKd7,-0.454480259,1,3,,,,,,,,,,,,,,,,,,,,
Dnajc2,GMP,LSKd7,-0.64141914,1,3,,,,,,,,,,,,,,,,,,,,
Ldb1,GMP,LSKd7,-0.670879319,1,3,,,,,,,,,,,,,,,,,,,,
Ythdc1,GMP,LSKd7,-0.767622913,1,3,,,,,,,,,,,,,,,,,,,,
Gtf3a,GMP,LSKd7,-0.844046608,1,3,,,,,,,,,,,,,,,,,,,,
Tonsl,GMP,LSKd7,-1.083811406,1,3,,,,,,,,,,,,,,,,,,,,
Med27,GMP,LSKd7,-1.084180447,1,3,,,,,,,,,,,,,,,,,,,,
Kdm3b,GMP,LSKd7,-1.28817438,1,3,,,,,,,,,,,,,,,,,,,,
Ncoa5,GMP,LSKd7,-1.346626964,1,3,,,,,,,,,,,,,,,,,,,,
Kat5,GMP,LSKd7,-1.385256442,1,3,,,,,,,,,,,,,,,,,,,,
Ncapg,GMP,LSKd7,-1.396344706,1,3,,,,,,,,,,,,,,,,,,,,
Npm1,GMP,LSKd7,-1.440308014,1,3,,,,,,,,,,,,,,,,,,,,
Med10,GMP,LSKd7,-1.473130945,1,3,,,,,,,,,,,,,,,,,,,,
Kansl1,GMP,LSKd7,-1.496148448,1,3,,,,,,,,,,,,,,,,,,,,
Brd4,GMP,LSKd7,-1.540843651,1,3,,,,,,,,,,,,,,,,,,,,
Med18,GMP,LSKd7,-1.557478177,1,3,,,,,,,,,,,,,,,,,,,,
Sp140,GMP,LSKd7,-1.575531223,1,3,,,,,,,,,,,,,,,,,,,,
Ncaph2,GMP,LSKd7,-1.618557313,1,3,,,,,,,,,,,,,,,,,,,,
Med29,GMP,LSKd7,-1.623123858,1,3,,,,,,,,,,,,,,,,,,,,
L3mbtl3,GMP,LSKd7,-1.811265979,1,3,,,,,,,,,,,,,,,,,,,,
Med6,GMP,LSKd7,-1.819536746,1,3,,,,,,,,,,,,,,,,,,,,
Med13,GMP,LSKd7,-1.925247816,1,3,,,,,,,,,,,,,,,,,,,,
Rnf20,GMP,LSKd7,-2.12461885,1,3,,,,,,,,,,,,,,,,,,,,
Nudt21,GMP,LSKd7,-2.305469416,1,3,,,,,,,,,,,,,,,,,,,,
Med17,GMP,LSKd7,-2.349344976,1,3,,,,,,,,,,,,,,,,,,,,
Kti12,GMP,LSKd7,-2.352587293,1,3,,,,,,,,,,,,,,,,,,,,
Med9,GMP,LSKd7,-2.511478303,1,3,,,,,,,,,,,,,,,,,,,,
Med26,GMP,LSKd7,-2.568448562,1,3,,,,,,,,,,,,,,,,,,,,
Rybp,GMP,LSKd7,-2.662286724,1,3,,,,,,,,,,,,,,,,,,,,
Med1,GMP,LSKd7,-2.780364889,1,3,,,,,,,,,,,,,,,,,,,,
Tada1,GMP,LSKd7,-2.947485789,1,3,,,,,,,,,,,,,,,,,,,,
Med4,GMP,LSKd7,-3.198240965,1,3,,,,,,,,,,,,,,,,,,,,
Mau2,GMP,LSKd7,-3.498139043,1,3,,,,,,,,,,,,,,,,,,,,
Med7,GMP,LSKd7,-3.943052015,1,3,,,,,,,,,,,,,,,,,,,,
Supt16,GMP,LSKd7,2.783850849,0,3,,,,,,,,,,,,,,,,,,,,
Suz12,GMP,LSKd7,2.170777377,0,3,,,,,,,,,,,,,,,,,,,,
Cit,GMP,LSKd7,2.005963849,0,3,,,,,,,,,,,,,,,,,,,,
Dhx36,GMP,LSKd7,1.995575245,0,3,,,,,,,,,,,,,,,,,,,,
Cdk5,GMP,LSKd7,1.894391653,0,3,,,,,,,,,,,,,,,,,,,,
Usp11,GMP,LSKd7,1.873936363,0,3,,,,,,,,,,,,,,,,,,,,
Ctbp1,GMP,LSKd7,1.85312452,0,3,,,,,,,,,,,,,,,,,,,,
Mbd6,GMP,LSKd7,1.840991499,0,3,,,,,,,,,,,,,,,,,,,,
Phf14,GMP,LSKd7,1.815291499,0,3,,,,,,,,,,,,,,,,,,,,
Ube2d3,GMP,LSKd7,1.811433975,0,3,,,,,,,,,,,,,,,,,,,,
Asxl2,GMP,LSKd7,1.751639361,0,3,,,,,,,,,,,,,,,,,,,,
Prkag2,GMP,LSKd7,1.722097572,0,3,,,,,,,,,,,,,,,,,,,,
Ncl,GMP,LSKd7,1.721193641,0,3,,,,,,,,,,,,,,,,,,,,
Smyd4,GMP,LSKd7,1.616021344,0,3,,,,,,,,,,,,,,,,,,,,
Mbd4,GMP,LSKd7,1.609798586,0,3,,,,,,,,,,,,,,,,,,,,
Esco1,GMP,LSKd7,1.599261963,0,3,,,,,,,,,,,,,,,,,,,,
Eya4,GMP,LSKd7,1.563750466,0,3,,,,,,,,,,,,,,,,,,,,
Mettl16,GMP,LSKd7,1.535834666,0,3,,,,,,,,,,,,,,,,,,,,
Rnf8,GMP,LSKd7,1.503250601,0,3,,,,,,,,,,,,,,,,,,,,
Ube2b,GMP,LSKd7,1.491951594,0,3,,,,,,,,,,,,,,,,,,,,
Morf4l1,GMP,LSKd7,1.461504469,0,3,,,,,,,,,,,,,,,,,,,,
Pcgf6,GMP,LSKd7,1.436530816,0,3,,,,,,,,,,,,,,,,,,,,
Atrx,GMP,LSKd7,1.434291976,0,3,,,,,,,,,,,,,,,,,,,,
Senp1,GMP,LSKd7,1.380581513,0,3,,,,,,,,,,,,,,,,,,,,
Wapal,GMP,LSKd7,1.373542593,0,3,,,,,,,,,,,,,,,,,,,,
Sin3a,GMP,LSKd7,1.366281204,0,3,,,,,,,,,,,,,,,,,,,,
Ino80e,GMP,LSKd7,1.364263743,0,3,,,,,,,,,,,,,,,,,,,,
Hdac11,GMP,LSKd7,1.362795008,0,3,,,,,,,,,,,,,,,,,,,,
Mecp2,GMP,LSKd7,1.355035742,0,3,,,,,,,,,,,,,,,,,,,,
Sf3b1,GMP,LSKd7,1.333419925,0,3,,,,,,,,,,,,,,,,,,,,
Tex10,GMP,LSKd7,1.331240219,0,3,,,,,,,,,,,,,,,,,,,,
Mettl23,GMP,LSKd7,1.315258038,0,3,,,,,,,,,,,,,,,,,,,,
Pole3,GMP,LSKd7,1.282177976,0,3,,,,,,,,,,,,,,,,,,,,
Sap18,GMP,LSKd7,1.269911242,0,3,,,,,,,,,,,,,,,,,,,,
Stk4,GMP,LSKd7,1.263751593,0,3,,,,,,,,,,,,,,,,,,,,
Mettl14,GMP,LSKd7,1.231946514,0,3,,,,,,,,,,,,,,,,,,,,
Foxp2,GMP,LSKd7,1.22742191,0,3,,,,,,,,,,,,,,,,,,,,
Maml2,GMP,LSKd7,1.185141292,0,3,,,,,,,,,,,,,,,,,,,,
Zmym2,GMP,LSKd7,1.184287531,0,3,,,,,,,,,,,,,,,,,,,,
Sf3b3,GMP,LSKd7,1.180192544,0,3,,,,,,,,,,,,,,,,,,,,
Prdm10,GMP,LSKd7,1.164036573,0,3,,,,,,,,,,,,,,,,,,,,
Dot1l,GMP,LSKd7,1.1463859,0,3,,,,,,,,,,,,,,,,,,,,
Hdac8,GMP,LSKd7,1.142579035,0,3,,,,,,,,,,,,,,,,,,,,
Ing3,GMP,LSKd7,1.139656578,0,3,,,,,,,,,,,,,,,,,,,,
Kat2b,GMP,LSKd7,1.135260567,0,3,,,,,,,,,,,,,,,,,,,,
Ctbp2,GMP,LSKd7,1.1311679,0,3,,,,,,,,,,,,,,,,,,,,
Mga,GMP,LSKd7,1.126454199,0,3,,,,,,,,,,,,,,,,,,,,
Actr5,GMP,LSKd7,1.124315447,0,3,,,,,,,,,,,,,,,,,,,,
Eid2,GMP,LSKd7,1.117157306,0,3,,,,,,,,,,,,,,,,,,,,
Pcgf2,GMP,LSKd7,1.116012147,0,3,,,,,,,,,,,,,,,,,,,,
Atn1,GMP,LSKd7,1.10241143,0,3,,,,,,,,,,,,,,,,,,,,
Ing5,GMP,LSKd7,1.101912394,0,3,,,,,,,,,,,,,,,,,,,,
Hmgn5,GMP,LSKd7,1.099888381,0,3,,,,,,,,,,,,,,,,,,,,
Phf23,GMP,LSKd7,1.097700241,0,3,,,,,,,,,,,,,,,,,,,,
Gatad1,GMP,LSKd7,1.083041222,0,3,,,,,,,,,,,,,,,,,,,,
Bmi1,GMP,LSKd7,1.066142604,0,3,,,,,,,,,,,,,,,,,,,,
Chuk,GMP,LSKd7,1.044625221,0,3,,,,,,,,,,,,,,,,,,,,
Ddb2,GMP,LSKd7,1.033796498,0,3,,,,,,,,,,,,,,,,,,,,
Actr8,GMP,LSKd7,1.020087217,0,3,,,,,,,,,,,,,,,,,,,,
Nmi,GMP,LSKd7,1.012641409,0,3,,,,,,,,,,,,,,,,,,,,
Senp3,GMP,LSKd7,1.004257384,0,3,,,,,,,,,,,,,,,,,,,,
Uty,GMP,LSKd7,0.994145348,0,3,,,,,,,,,,,,,,,,,,,,
Chd1l,GMP,LSKd7,0.991320228,0,3,,,,,,,,,,,,,,,,,,,,
Zmym3,GMP,LSKd7,0.988003263,0,3,,,,,,,,,,,,,,,,,,,,
Aurka,GMP,LSKd7,0.963834741,0,3,,,,,,,,,,,,,,,,,,,,
Sap130,GMP,LSKd7,0.93842604,0,3,,,,,,,,,,,,,,,,,,,,
Jarid2,GMP,LSKd7,0.935533936,0,3,,,,,,,,,,,,,,,,,,,,
Phf7,GMP,LSKd7,0.932292685,0,3,,,,,,,,,,,,,,,,,,,,
Rbbp8,GMP,LSKd7,0.922678606,0,3,,,,,,,,,,,,,,,,,,,,
Msl3l2,GMP,LSKd7,0.920565683,0,3,,,,,,,,,,,,,,,,,,,,
Tet1,GMP,LSKd7,0.913083241,0,3,,,,,,,,,,,,,,,,,,,,
Kat7,GMP,LSKd7,0.899831409,0,3,,,,,,,,,,,,,,,,,,,,
Per2,GMP,LSKd7,0.898487003,0,3,,,,,,,,,,,,,,,,,,,,
Kat6b,GMP,LSKd7,0.878160617,0,3,,,,,,,,,,,,,,,,,,,,
Prdm5,GMP,LSKd7,0.871713144,0,3,,,,,,,,,,,,,,,,,,,,
Ppargc1b,GMP,LSKd7,0.865156646,0,3,,,,,,,,,,,,,,,,,,,,
Max,GMP,LSKd7,0.86317782,0,3,,,,,,,,,,,,,,,,,,,,
Ep400,GMP,LSKd7,0.854652861,0,3,,,,,,,,,,,,,,,,,,,,
Dek,GMP,LSKd7,0.854229483,0,3,,,,,,,,,,,,,,,,,,,,
Rnf2,GMP,LSKd7,0.839364357,0,3,,,,,,,,,,,,,,,,,,,,
Ruvbl1,GMP,LSKd7,0.83573469,0,3,,,,,,,,,,,,,,,,,,,,
Lbr,GMP,LSKd7,0.833674824,0,3,,,,,,,,,,,,,,,,,,,,
Nap1l1,GMP,LSKd7,0.823154749,0,3,,,,,,,,,,,,,,,,,,,,
Chrac1,GMP,LSKd7,0.817738272,0,3,,,,,,,,,,,,,,,,,,,,
Pdcd2,GMP,LSKd7,0.812291359,0,3,,,,,,,,,,,,,,,,,,,,
Mier3,GMP,LSKd7,0.810879806,0,3,,,,,,,,,,,,,,,,,,,,
Ppie,GMP,LSKd7,0.792528846,0,3,,,,,,,,,,,,,,,,,,,,
Nek6,GMP,LSKd7,0.786725866,0,3,,,,,,,,,,,,,,,,,,,,
Smc5,GMP,LSKd7,0.782257656,0,3,,,,,,,,,,,,,,,,,,,,
Tfpt,GMP,LSKd7,0.756239878,0,3,,,,,,,,,,,,,,,,,,,,
Tle1,GMP,LSKd7,0.753891174,0,3,,,,,,,,,,,,,,,,,,,,
Gatad2a,GMP,LSKd7,0.734412433,0,3,,,,,,,,,,,,,,,,,,,,
Ncoa1,GMP,LSKd7,0.732596892,0,3,,,,,,,,,,,,,,,,,,,,
Hmg20b,GMP,LSKd7,0.724490754,0,3,,,,,,,,,,,,,,,,,,,,
Nab2,GMP,LSKd7,0.722744708,0,3,,,,,,,,,,,,,,,,,,,,
Tgfbr1,GMP,LSKd7,0.721449789,0,3,,,,,,,,,,,,,,,,,,,,
Prdm9,GMP,LSKd7,0.717440183,0,3,,,,,,,,,,,,,,,,,,,,
Anp32b,GMP,LSKd7,0.716995132,0,3,,,,,,,,,,,,,,,,,,,,
Nono,GMP,LSKd7,0.715481772,0,3,,,,,,,,,,,,,,,,,,,,
Arid5b,GMP,LSKd7,0.714160035,0,3,,,,,,,,,,,,,,,,,,,,
Anp32a,GMP,LSKd7,0.709007799,0,3,,,,,,,,,,,,,,,,,,,,
Ahctf1,GMP,LSKd7,0.705220074,0,3,,,,,,,,,,,,,,,,,,,,
Ankra2,GMP,LSKd7,0.701944604,0,3,,,,,,,,,,,,,,,,,,,,
Nabp1,GMP,LSKd7,0.68996777,0,3,,,,,,,,,,,,,,,,,,,,
Ntmt1,GMP,LSKd7,0.68701499,0,3,,,,,,,,,,,,,,,,,,,,
Hdac5,GMP,LSKd7,0.673726708,0,3,,,,,,,,,,,,,,,,,,,,
Setd5,GMP,LSKd7,0.665807323,0,3,,,,,,,,,,,,,,,,,,,,
Rb1,GMP,LSKd7,0.656712225,0,3,,,,,,,,,,,,,,,,,,,,
Dzip3,GMP,LSKd7,0.654987036,0,3,,,,,,,,,,,,,,,,,,,,
Pprc1,GMP,LSKd7,0.634266299,0,3,,,,,,,,,,,,,,,,,,,,
Zbtb33,GMP,LSKd7,0.633353414,0,3,,,,,,,,,,,,,,,,,,,,
Psip1,GMP,LSKd7,0.631050665,0,3,,,,,,,,,,,,,,,,,,,,
Eid1,GMP,LSKd7,0.61978285,0,3,,,,,,,,,,,,,,,,,,,,
Usp12,GMP,LSKd7,0.618359903,0,3,,,,,,,,,,,,,,,,,,,,
Rcor2,GMP,LSKd7,0.615611259,0,3,,,,,,,,,,,,,,,,,,,,
Pygo1,GMP,LSKd7,0.614569979,0,3,,,,,,,,,,,,,,,,,,,,
Cbx1,GMP,LSKd7,0.612291787,0,3,,,,,,,,,,,,,,,,,,,,
Brdt,GMP,LSKd7,0.604287612,0,3,,,,,,,,,,,,,,,,,,,,
Rnf168,GMP,LSKd7,0.602174896,0,3,,,,,,,,,,,,,,,,,,,,
Fbxw9,GMP,LSKd7,0.601214418,0,3,,,,,,,,,,,,,,,,,,,,
Nr1d1,GMP,LSKd7,0.592307996,0,3,,,,,,,,,,,,,,,,,,,,
Hmgb2,GMP,LSKd7,0.590357056,0,3,,,,,,,,,,,,,,,,,,,,
Pds5b,GMP,LSKd7,0.587611665,0,3,,,,,,,,,,,,,,,,,,,,
Pias2,GMP,LSKd7,0.565463439,0,3,,,,,,,,,,,,,,,,,,,,
Hmgn3,GMP,LSKd7,0.561828966,0,3,,,,,,,,,,,,,,,,,,,,
Hdgf,GMP,LSKd7,0.55908657,0,3,,,,,,,,,,,,,,,,,,,,
Jmjd4,GMP,LSKd7,0.558508175,0,3,,,,,,,,,,,,,,,,,,,,
Maz,GMP,LSKd7,0.553956308,0,3,,,,,,,,,,,,,,,,,,,,
Fam208a,GMP,LSKd7,0.550897307,0,3,,,,,,,,,,,,,,,,,,,,
Baz2b,GMP,LSKd7,0.54652167,0,3,,,,,,,,,,,,,,,,,,,,
Prmt3,GMP,LSKd7,0.542738095,0,3,,,,,,,,,,,,,,,,,,,,
Phf13,GMP,LSKd7,0.53924698,0,3,,,,,,,,,,,,,,,,,,,,
Prdm11,GMP,LSKd7,0.534368088,0,3,,,,,,,,,,,,,,,,,,,,
Setd2,GMP,LSKd7,0.5310653,0,3,,,,,,,,,,,,,,,,,,,,
Maml1,GMP,LSKd7,0.523465246,0,3,,,,,,,,,,,,,,,,,,,,
Gon4l,GMP,LSKd7,0.52323006,0,3,,,,,,,,,,,,,,,,,,,,
Eya1,GMP,LSKd7,0.522754095,0,3,,,,,,,,,,,,,,,,,,,,
Sirt1,GMP,LSKd7,0.520009113,0,3,,,,,,,,,,,,,,,,,,,,
Cdk17,GMP,LSKd7,0.516439417,0,3,,,,,,,,,,,,,,,,,,,,
Mettl8,GMP,LSKd7,0.514413007,0,3,,,,,,,,,,,,,,,,,,,,
Gadd45b,GMP,LSKd7,0.508625818,0,3,,,,,,,,,,,,,,,,,,,,
Phb2,GMP,LSKd7,0.506088165,0,3,,,,,,,,,,,,,,,,,,,,
Sap30l,GMP,LSKd7,0.504179277,0,3,,,,,,,,,,,,,,,,,,,,
Prdm2,GMP,LSKd7,0.502931761,0,3,,,,,,,,,,,,,,,,,,,,
Sfmbt1,GMP,LSKd7,0.497092748,0,3,,,,,,,,,,,,,,,,,,,,
Kdm4b,GMP,LSKd7,0.494713772,0,3,,,,,,,,,,,,,,,,,,,,
Clock,GMP,LSKd7,0.492129263,0,3,,,,,,,,,,,,,,,,,,,,
Phc2,GMP,LSKd7,0.49169453,0,3,,,,,,,,,,,,,,,,,,,,
Usp21,GMP,LSKd7,0.489112612,0,3,,,,,,,,,,,,,,,,,,,,
H2afy,GMP,LSKd7,0.479598037,0,3,,,,,,,,,,,,,,,,,,,,
Sirt2,GMP,LSKd7,0.477303709,0,3,,,,,,,,,,,,,,,,,,,,
Suv420h2,GMP,LSKd7,0.469582824,0,3,,,,,,,,,,,,,,,,,,,,
Ino80,GMP,LSKd7,0.46393772,0,3,,,,,,,,,,,,,,,,,,,,
Tle4,GMP,LSKd7,0.457600094,0,3,,,,,,,,,,,,,,,,,,,,
Mta1,GMP,LSKd7,0.456995698,0,3,,,,,,,,,,,,,,,,,,,,
Bcor,GMP,LSKd7,0.453665686,0,3,,,,,,,,,,,,,,,,,,,,
Ddx51,GMP,LSKd7,0.446611901,0,3,,,,,,,,,,,,,,,,,,,,
Mettl21a,GMP,LSKd7,0.445444055,0,3,,,,,,,,,,,,,,,,,,,,
Scmh1,GMP,LSKd7,0.440420153,0,3,,,,,,,,,,,,,,,,,,,,
Phf2,GMP,LSKd7,0.440058686,0,3,,,,,,,,,,,,,,,,,,,,
Cxxc5,GMP,LSKd7,0.431194373,0,3,,,,,,,,,,,,,,,,,,,,
Mettl18,GMP,LSKd7,0.424491714,0,3,,,,,,,,,,,,,,,,,,,,
Mbd1,GMP,LSKd7,0.414513513,0,3,,,,,,,,,,,,,,,,,,,,
Gadd45a,GMP,LSKd7,0.41449448,0,3,,,,,,,,,,,,,,,,,,,,
Esco2,GMP,LSKd7,0.409475057,0,3,,,,,,,,,,,,,,,,,,,,
Ythdf1,GMP,LSKd7,0.409060405,0,3,,,,,,,,,,,,,,,,,,,,
Msl3,GMP,LSKd7,0.402922424,0,3,,,,,,,,,,,,,,,,,,,,
Ruvbl2,GMP,LSKd7,0.402147502,0,3,,,,,,,,,,,,,,,,,,,,
Stag1,GMP,LSKd7,0.400888161,0,3,,,,,,,,,,,,,,,,,,,,
Mettl25,GMP,LSKd7,0.398742677,0,3,,,,,,,,,,,,,,,,,,,,
Ncoa4,GMP,LSKd7,0.397963443,0,3,,,,,,,,,,,,,,,,,,,,
Hmgxb4,GMP,LSKd7,0.392754862,0,3,,,,,,,,,,,,,,,,,,,,
Dr1,GMP,LSKd7,0.392648257,0,3,,,,,,,,,,,,,,,,,,,,
Hmgn2,GMP,LSKd7,0.392086647,0,3,,,,,,,,,,,,,,,,,,,,
Atad2b,GMP,LSKd7,0.390266863,0,3,,,,,,,,,,,,,,,,,,,,
Chd9,GMP,LSKd7,0.382172233,0,3,,,,,,,,,,,,,,,,,,,,
Lrrfip2,GMP,LSKd7,0.372175666,0,3,,,,,,,,,,,,,,,,,,,,
Smarcd3,GMP,LSKd7,0.370984217,0,3,,,,,,,,,,,,,,,,,,,,
Chmp1a,GMP,LSKd7,0.361845115,0,3,,,,,,,,,,,,,,,,,,,,
Hltf,GMP,LSKd7,0.361259704,0,3,,,,,,,,,,,,,,,,,,,,
Dtx3l,GMP,LSKd7,0.357815541,0,3,,,,,,,,,,,,,,,,,,,,
Ring1,GMP,LSKd7,0.353198153,0,3,,,,,,,,,,,,,,,,,,,,
Per3,GMP,LSKd7,0.343218267,0,3,,,,,,,,,,,,,,,,,,,,
Mdm2,GMP,LSKd7,0.334878022,0,3,,,,,,,,,,,,,,,,,,,,
Nab1,GMP,LSKd7,0.333418481,0,3,,,,,,,,,,,,,,,,,,,,
Kdm4a,GMP,LSKd7,0.329406657,0,3,,,,,,,,,,,,,,,,,,,,
Ercc6,GMP,LSKd7,0.327218901,0,3,,,,,,,,,,,,,,,,,,,,
L3mbtl2,GMP,LSKd7,0.323459211,0,3,,,,,,,,,,,,,,,,,,,,
Ddx31,GMP,LSKd7,0.321286535,0,3,,,,,,,,,,,,,,,,,,,,
Gadd45g,GMP,LSKd7,0.312292166,0,3,,,,,,,,,,,,,,,,,,,,
Mettl6,GMP,LSKd7,0.308643155,0,3,,,,,,,,,,,,,,,,,,,,
Ube2d1,GMP,LSKd7,0.30157397,0,3,,,,,,,,,,,,,,,,,,,,
Jmjd1c,GMP,LSKd7,0.29984836,0,3,,,,,,,,,,,,,,,,,,,,
Pqbp1,GMP,LSKd7,0.297334189,0,3,,,,,,,,,,,,,,,,,,,,
Jmjd8,GMP,LSKd7,0.296769826,0,3,,,,,,,,,,,,,,,,,,,,
Uchl5,GMP,LSKd7,0.295144229,0,3,,,,,,,,,,,,,,,,,,,,
Prkab1,GMP,LSKd7,0.293184375,0,3,,,,,,,,,,,,,,,,,,,,
Vdr,GMP,LSKd7,0.287327067,0,3,,,,,,,,,,,,,,,,,,,,
Setd3,GMP,LSKd7,0.273813243,0,3,,,,,,,,,,,,,,,,,,,,
Ptov1,GMP,LSKd7,0.265611733,0,3,,,,,,,,,,,,,,,,,,,,
Scml4,GMP,LSKd7,0.260710785,0,3,,,,,,,,,,,,,,,,,,,,
Prdm4,GMP,LSKd7,0.25971844,0,3,,,,,,,,,,,,,,,,,,,,
Mybbp1a,GMP,LSKd7,0.25826384,0,3,,,,,,,,,,,,,,,,,,,,
Mettl2,GMP,LSKd7,0.253465047,0,3,,,,,,,,,,,,,,,,,,,,
Pdp1,GMP,LSKd7,0.253037332,0,3,,,,,,,,,,,,,,,,,,,,
Smyd5,GMP,LSKd7,0.252833083,0,3,,,,,,,,,,,,,,,,,,,,
Rcor3,GMP,LSKd7,0.250813512,0,3,,,,,,,,,,,,,,,,,,,,
Ubn1,GMP,LSKd7,0.250185864,0,3,,,,,,,,,,,,,,,,,,,,
Paxbp1,GMP,LSKd7,0.248320388,0,3,,,,,,,,,,,,,,,,,,,,
Prkca,GMP,LSKd7,0.247212798,0,3,,,,,,,,,,,,,,,,,,,,
Med23,GMP,LSKd7,0.246296507,0,3,,,,,,,,,,,,,,,,,,,,
Pnrc1,GMP,LSKd7,0.246171094,0,3,,,,,,,,,,,,,,,,,,,,
Pwp1,GMP,LSKd7,0.243393759,0,3,,,,,,,,,,,,,,,,,,,,
Phf20l1,GMP,LSKd7,0.232918542,0,3,,,,,,,,,,,,,,,,,,,,
Mgmt,GMP,LSKd7,0.230311126,0,3,,,,,,,,,,,,,,,,,,,,
Tyw5,GMP,LSKd7,0.229504029,0,3,,,,,,,,,,,,,,,,,,,,
Mettl15,GMP,LSKd7,0.213743111,0,3,,,,,,,,,,,,,,,,,,,,
Atad2,GMP,LSKd7,0.21055018,0,3,,,,,,,,,,,,,,,,,,,,
Mettl3,GMP,LSKd7,0.210239613,0,3,,,,,,,,,,,,,,,,,,,,
Ddx23,GMP,LSKd7,0.202000441,0,3,,,,,,,,,,,,,,,,,,,,
Bub1,GMP,LSKd7,0.19674588,0,3,,,,,,,,,,,,,,,,,,,,
Med13l,GMP,LSKd7,0.196027065,0,3,,,,,,,,,,,,,,,,,,,,
Hmgxb3,GMP,LSKd7,0.191005143,0,3,,,,,,,,,,,,,,,,,,,,
Setx,GMP,LSKd7,0.184545396,0,3,,,,,,,,,,,,,,,,,,,,
Chd6,GMP,LSKd7,0.182240377,0,3,,,,,,,,,,,,,,,,,,,,
Kdm6a,GMP,LSKd7,0.181723424,0,3,,,,,,,,,,,,,,,,,,,,
Mllt4,GMP,LSKd7,0.177339908,0,3,,,,,,,,,,,,,,,,,,,,
Ddx47,GMP,LSKd7,0.169227626,0,3,,,,,,,,,,,,,,,,,,,,
Mbtd1,GMP,LSKd7,0.168698457,0,3,,,,,,,,,,,,,,,,,,,,
Zmynd11,GMP,LSKd7,0.16108158,0,3,,,,,,,,,,,,,,,,,,,,
Mdfi,GMP,LSKd7,0.159726861,0,3,,,,,,,,,,,,,,,,,,,,
Phf19,GMP,LSKd7,0.154548482,0,3,,,,,,,,,,,,,,,,,,,,
Sirt6,GMP,LSKd7,0.15244916,0,3,,,,,,,,,,,,,,,,,,,,
Mdc1,GMP,LSKd7,0.14671224,0,3,,,,,,,,,,,,,,,,,,,,
Arntl,GMP,LSKd7,0.145543598,0,3,,,,,,,,,,,,,,,,,,,,
Mettl17,GMP,LSKd7,0.137650947,0,3,,,,,,,,,,,,,,,,,,,,
Rad51,GMP,LSKd7,0.129839481,0,3,,,,,,,,,,,,,,,,,,,,
Vrk1,GMP,LSKd7,0.123060848,0,3,,,,,,,,,,,,,,,,,,,,
Eya2,GMP,LSKd7,0.120256104,0,3,,,,,,,,,,,,,,,,,,,,
Ddx50,GMP,LSKd7,0.107743951,0,3,,,,,,,,,,,,,,,,,,,,
Pttg1,GMP,LSKd7,0.105987912,0,3,,,,,,,,,,,,,,,,,,,,
Dido1,GMP,LSKd7,0.100956428,0,3,,,,,,,,,,,,,,,,,,,,
Naca,GMP,LSKd7,0.074444049,0,3,,,,,,,,,,,,,,,,,,,,
Tet3,GMP,LSKd7,0.057609669,0,3,,,,,,,,,,,,,,,,,,,,
Mllt3,GMP,LSKd7,0.057463221,0,3,,,,,,,,,,,,,,,,,,,,
Hmbox1,GMP,LSKd7,0.051181147,0,3,,,,,,,,,,,,,,,,,,,,
Ncoa2,GMP,LSKd7,0.050202435,0,3,,,,,,,,,,,,,,,,,,,,
Yaf2,GMP,LSKd7,0.046611252,0,3,,,,,,,,,,,,,,,,,,,,
Rsf1,GMP,LSKd7,0.045191273,0,3,,,,,,,,,,,,,,,,,,,,
Gltscr2,GMP,LSKd7,0.044348181,0,3,,,,,,,,,,,,,,,,,,,,
Pias4,GMP,LSKd7,0.040009436,0,3,,,,,,,,,,,,,,,,,,,,
Per1,GMP,LSKd7,0.036788514,0,3,,,,,,,,,,,,,,,,,,,,
Padi4,GMP,LSKd7,0.036204335,0,3,,,,,,,,,,,,,,,,,,,,
Bcorl1,GMP,LSKd7,0.033513404,0,3,,,,,,,,,,,,,,,,,,,,
H2afy2,GMP,LSKd7,0.029423744,0,3,,,,,,,,,,,,,,,,,,,,
Mettl22,GMP,LSKd7,0.020745071,0,3,,,,,,,,,,,,,,,,,,,,
Mbtps2,GMP,LSKd7,0.009424019,0,3,,,,,,,,,,,,,,,,,,,,
Pcgf3,GMP,LSKd7,0.003403725,0,3,,,,,,,,,,,,,,,,,,,,
Rrp8,GMP,LSKd7,-0.004520934,0,3,,,,,,,,,,,,,,,,,,,,
Gtf2a1,GMP,LSKd7,-0.015912169,0,3,,,,,,,,,,,,,,,,,,,,
Nipbl,GMP,LSKd7,-0.019836861,0,3,,,,,,,,,,,,,,,,,,,,
Nek9,GMP,LSKd7,-0.021694518,0,3,,,,,,,,,,,,,,,,,,,,
Smarca1,GMP,LSKd7,-0.040411253,0,3,,,,,,,,,,,,,,,,,,,,
Cdk1,GMP,LSKd7,-0.040502316,0,3,,,,,,,,,,,,,,,,,,,,
Msl1,GMP,LSKd7,-0.045721846,0,3,,,,,,,,,,,,,,,,,,,,
Eif4a2,GMP,LSKd7,-0.053907015,0,3,,,,,,,,,,,,,,,,,,,,
Prr14,GMP,LSKd7,-0.054263582,0,3,,,,,,,,,,,,,,,,,,,,
Hdac6,GMP,LSKd7,-0.065523569,0,3,,,,,,,,,,,,,,,,,,,,
Ddx21,GMP,LSKd7,-0.071001762,0,3,,,,,,,,,,,,,,,,,,,,
Ing1,GMP,LSKd7,-0.073636128,0,3,,,,,,,,,,,,,,,,,,,,
Mettl1,GMP,LSKd7,-0.075703073,0,3,,,,,,,,,,,,,,,,,,,,
Brd3,GMP,LSKd7,-0.083264537,0,3,,,,,,,,,,,,,,,,,,,,
Atr,GMP,LSKd7,-0.08724893,0,3,,,,,,,,,,,,,,,,,,,,
Ube2e1,GMP,LSKd7,-0.090345505,0,3,,,,,,,,,,,,,,,,,,,,
Usp16,GMP,LSKd7,-0.099737294,0,3,,,,,,,,,,,,,,,,,,,,
Anp32e,GMP,LSKd7,-0.115891532,0,3,,,,,,,,,,,,,,,,,,,,
Med28,GMP,LSKd7,-0.13670821,0,3,,,,,,,,,,,,,,,,,,,,
Ino80d,GMP,LSKd7,-0.143528762,0,3,,,,,,,,,,,,,,,,,,,,
Gtf2h3,GMP,LSKd7,-0.158972729,0,3,,,,,,,,,,,,,,,,,,,,
Ep300,GMP,LSKd7,-0.171318224,0,3,,,,,,,,,,,,,,,,,,,,
Dnttip2,GMP,LSKd7,-0.177339019,0,3,,,,,,,,,,,,,,,,,,,,
Kansl2,GMP,LSKd7,-0.177398513,0,3,,,,,,,,,,,,,,,,,,,,
Rbx1,GMP,LSKd7,-0.184493676,0,3,,,,,,,,,,,,,,,,,,,,
Ankrd32,GMP,LSKd7,-0.185570384,0,3,,,,,,,,,,,,,,,,,,,,
Ssrp1,GMP,LSKd7,-0.185996946,0,3,,,,,,,,,,,,,,,,,,,,
Brcc3,GMP,LSKd7,-0.190976653,0,3,,,,,,,,,,,,,,,,,,,,
Wsb2,GMP,LSKd7,-0.192726441,0,3,,,,,,,,,,,,,,,,,,,,
Mllt1,GMP,LSKd7,-0.19434649,0,3,,,,,,,,,,,,,,,,,,,,
Hmga2,GMP,LSKd7,-0.205125981,0,3,,,,,,,,,,,,,,,,,,,,
Nap1l4,GMP,LSKd7,-0.21744388,0,3,,,,,,,,,,,,,,,,,,,,
Prkdc,GMP,LSKd7,-0.245871195,0,3,,,,,,,,,,,,,,,,,,,,
Mettl9,GMP,LSKd7,-0.251673842,0,3,,,,,,,,,,,,,,,,,,,,
Zzz3,GMP,LSKd7,-0.252160124,0,3,,,,,,,,,,,,,,,,,,,,
Prkab2,GMP,LSKd7,-0.256235604,0,3,,,,,,,,,,,,,,,,,,,,
Chmp2b,GMP,LSKd7,-0.25744959,0,3,,,,,,,,,,,,,,,,,,,,
Chd8,GMP,LSKd7,-0.275639842,0,3,,,,,,,,,,,,,,,,,,,,
H2afx,GMP,LSKd7,-0.283667286,0,3,,,,,,,,,,,,,,,,,,,,
Ncoa7,GMP,LSKd7,-0.286628687,0,3,,,,,,,,,,,,,,,,,,,,
Brwd3,GMP,LSKd7,-0.290501435,0,3,,,,,,,,,,,,,,,,,,,,
Snai2,GMP,LSKd7,-0.299709604,0,3,,,,,,,,,,,,,,,,,,,,
Ing2,GMP,LSKd7,-0.300288156,0,3,,,,,,,,,,,,,,,,,,,,
Zmynd8,GMP,LSKd7,-0.302359103,0,3,,,,,,,,,,,,,,,,,,,,
Zfp57,GMP,LSKd7,-0.308305136,0,3,,,,,,,,,,,,,,,,,,,,
Mysm1,GMP,LSKd7,-0.315021026,0,3,,,,,,,,,,,,,,,,,,,,
Mbtps1,GMP,LSKd7,-0.315334798,0,3,,,,,,,,,,,,,,,,,,,,
Mycbp,GMP,LSKd7,-0.31933846,0,3,,,,,,,,,,,,,,,,,,,,
Ddx39,GMP,LSKd7,-0.330800537,0,3,,,,,,,,,,,,,,,,,,,,
Pygo2,GMP,LSKd7,-0.342480068,0,3,,,,,,,,,,,,,,,,,,,,
Mycbp2,GMP,LSKd7,-0.347758706,0,3,,,,,,,,,,,,,,,,,,,,
Pbk,GMP,LSKd7,-0.351819994,0,3,,,,,,,,,,,,,,,,,,,,
Ino80b,GMP,LSKd7,-0.351876915,0,3,,,,,,,,,,,,,,,,,,,,
Nabp2,GMP,LSKd7,-0.354488239,0,3,,,,,,,,,,,,,,,,,,,,
Smchd1,GMP,LSKd7,-0.35544143,0,3,,,,,,,,,,,,,,,,,,,,
Eif4a3,GMP,LSKd7,-0.359077331,0,3,,,,,,,,,,,,,,,,,,,,
Mettl4,GMP,LSKd7,-0.37506524,0,3,,,,,,,,,,,,,,,,,,,,
Pura,GMP,LSKd7,-0.382389692,0,3,,,,,,,,,,,,,,,,,,,,
Trim16,GMP,LSKd7,-0.384078102,0,3,,,,,,,,,,,,,,,,,,,,
Asxl1,GMP,LSKd7,-0.385747999,0,3,,,,,,,,,,,,,,,,,,,,
Mllt10,GMP,LSKd7,-0.385886697,0,3,,,,,,,,,,,,,,,,,,,,
Phf3,GMP,LSKd7,-0.38732531,0,3,,,,,,,,,,,,,,,,,,,,
Phb,GMP,LSKd7,-0.393924029,0,3,,,,,,,,,,,,,,,,,,,,
Kansl3,GMP,LSKd7,-0.402561457,0,3,,,,,,,,,,,,,,,,,,,,
Phc1,GMP,LSKd7,-0.404618834,0,3,,,,,,,,,,,,,,,,,,,,
Kdm1b,GMP,LSKd7,-0.410788521,0,3,,,,,,,,,,,,,,,,,,,,
Rbl1,GMP,LSKd7,-0.411414577,0,3,,,,,,,,,,,,,,,,,,,,
Kdm5d,GMP,LSKd7,-0.414414993,0,3,,,,,,,,,,,,,,,,,,,,
Uhrf2,GMP,LSKd7,-0.414555587,0,3,,,,,,,,,,,,,,,,,,,,
Mphosph8,GMP,LSKd7,-0.419794267,0,3,,,,,,,,,,,,,,,,,,,,
Mapkapk3,GMP,LSKd7,-0.445755256,0,3,,,,,,,,,,,,,,,,,,,,
Sap25,GMP,LSKd7,-0.446879815,0,3,,,,,,,,,,,,,,,,,,,,
Mettl5,GMP,LSKd7,-0.450791775,0,3,,,,,,,,,,,,,,,,,,,,
Atxn7,GMP,LSKd7,-0.451580121,0,3,,,,,,,,,,,,,,,,,,,,
Actr6,GMP,LSKd7,-0.463269312,0,3,,,,,,,,,,,,,,,,,,,,
Myef2,GMP,LSKd7,-0.471389615,0,3,,,,,,,,,,,,,,,,,,,,
Top2b,GMP,LSKd7,-0.476045663,0,3,,,,,,,,,,,,,,,,,,,,
Ddx27,GMP,LSKd7,-0.481027757,0,3,,,,,,,,,,,,,,,,,,,,
Tet2,GMP,LSKd7,-0.483442178,0,3,,,,,,,,,,,,,,,,,,,,
Exosc2,GMP,LSKd7,-0.501361134,0,3,,,,,,,,,,,,,,,,,,,,
Hirip3,GMP,LSKd7,-0.503721838,0,3,,,,,,,,,,,,,,,,,,,,
Rcc1,GMP,LSKd7,-0.527051884,0,3,,,,,,,,,,,,,,,,,,,,
Pds5a,GMP,LSKd7,-0.531344194,0,3,,,,,,,,,,,,,,,,,,,,
Zbtb7c,GMP,LSKd7,-0.535093251,0,3,,,,,,,,,,,,,,,,,,,,
Prdm15,GMP,LSKd7,-0.537081561,0,3,,,,,,,,,,,,,,,,,,,,
Arrb1,GMP,LSKd7,-0.539592937,0,3,,,,,,,,,,,,,,,,,,,,
Atm,GMP,LSKd7,-0.555108161,0,3,,,,,,,,,,,,,,,,,,,,
Dnmt3l,GMP,LSKd7,-0.555457699,0,3,,,,,,,,,,,,,,,,,,,,
Baz2a,GMP,LSKd7,-0.564289897,0,3,,,,,,,,,,,,,,,,,,,,
Psmc3,GMP,LSKd7,-0.577384297,0,3,,,,,,,,,,,,,,,,,,,,
Pnrc2,GMP,LSKd7,-0.600613703,0,3,,,,,,,,,,,,,,,,,,,,
Tbp,GMP,LSKd7,-0.62431899,0,3,,,,,,,,,,,,,,,,,,,,
Sap30bp,GMP,LSKd7,-0.651176724,0,3,,,,,,,,,,,,,,,,,,,,
Kdm2a,GMP,LSKd7,-0.654965525,0,3,,,,,,,,,,,,,,,,,,,,
Kdm4c,GMP,LSKd7,-0.667201149,0,3,,,,,,,,,,,,,,,,,,,,
Myo1c,GMP,LSKd7,-0.668313616,0,3,,,,,,,,,,,,,,,,,,,,
Mdfic,GMP,LSKd7,-0.668574196,0,3,,,,,,,,,,,,,,,,,,,,
Nsd1,GMP,LSKd7,-0.673229065,0,3,,,,,,,,,,,,,,,,,,,,
Cbx8,GMP,LSKd7,-0.679458804,0,3,,,,,,,,,,,,,,,,,,,,
Hells,GMP,LSKd7,-0.708926402,0,3,,,,,,,,,,,,,,,,,,,,
Trrap,GMP,LSKd7,-0.745920789,0,3,,,,,,,,,,,,,,,,,,,,
Gtf2h4,GMP,LSKd7,-0.780674229,0,3,,,,,,,,,,,,,,,,,,,,
Zfp592,GMP,LSKd7,-0.792814839,0,3,,,,,,,,,,,,,,,,,,,,
Chd1,GMP,LSKd7,-0.795953973,0,3,,,,,,,,,,,,,,,,,,,,
Rbl2,GMP,LSKd7,-0.801166133,0,3,,,,,,,,,,,,,,,,,,,,
Sirt4,GMP,LSKd7,-0.815049325,0,3,,,,,,,,,,,,,,,,,,,,
Zhx1,GMP,LSKd7,-0.821444287,0,3,,,,,,,,,,,,,,,,,,,,
Prkcd,GMP,LSKd7,-0.843265959,0,3,,,,,,,,,,,,,,,,,,,,
Eya3,GMP,LSKd7,-0.851661922,0,3,,,,,,,,,,,,,,,,,,,,
Arid5a,GMP,LSKd7,-0.875807482,0,3,,,,,,,,,,,,,,,,,,,,
Hmga1,GMP,LSKd7,-0.87584574,0,3,,,,,,,,,,,,,,,,,,,,
Mcrs1,GMP,LSKd7,-0.876454785,0,3,,,,,,,,,,,,,,,,,,,,
Tada2b,GMP,LSKd7,-0.885908702,0,3,,,,,,,,,,,,,,,,,,,,
Znhit1,GMP,LSKd7,-0.891181697,0,3,,,,,,,,,,,,,,,,,,,,
Pkm,GMP,LSKd7,-0.899484521,0,3,,,,,,,,,,,,,,,,,,,,
Ywhae,GMP,LSKd7,-0.903388291,0,3,,,,,,,,,,,,,,,,,,,,
Phf8,GMP,LSKd7,-0.903975292,0,3,,,,,,,,,,,,,,,,,,,,
Lrrfip1,GMP,LSKd7,-0.91974199,0,3,,,,,,,,,,,,,,,,,,,,
Med22,GMP,LSKd7,-0.929048784,0,3,,,,,,,,,,,,,,,,,,,,
Med16,GMP,LSKd7,-0.934380446,0,3,,,,,,,,,,,,,,,,,,,,
Phip,GMP,LSKd7,-0.939012646,0,3,,,,,,,,,,,,,,,,,,,,
Cir1,GMP,LSKd7,-0.942300045,0,3,,,,,,,,,,,,,,,,,,,,
Srcap,GMP,LSKd7,-0.96553803,0,3,,,,,,,,,,,,,,,,,,,,
Ino80c,GMP,LSKd7,-0.966325626,0,3,,,,,,,,,,,,,,,,,,,,
Ptpn2,GMP,LSKd7,-0.976264407,0,3,,,,,,,,,,,,,,,,,,,,
Spen,GMP,LSKd7,-0.981383311,0,3,,,,,,,,,,,,,,,,,,,,
Wdr48,GMP,LSKd7,-1.025121935,0,3,,,,,,,,,,,,,,,,,,,,
Mbip,GMP,LSKd7,-1.042447061,0,3,,,,,,,,,,,,,,,,,,,,
Ddb1,GMP,LSKd7,-1.051644423,0,3,,,,,,,,,,,,,,,,,,,,
Brd2,GMP,LSKd7,-1.109217665,0,3,,,,,,,,,,,,,,,,,,,,
Brd8,GMP,LSKd7,-1.130786735,0,3,,,,,,,,,,,,,,,,,,,,
Ythdf3,GMP,LSKd7,-1.148092981,0,3,,,,,,,,,,,,,,,,,,,,
Jmjd6,GMP,LSKd7,-1.156173622,0,3,,,,,,,,,,,,,,,,,,,,
Ing4,GMP,LSKd7,-1.163506122,0,3,,,,,,,,,,,,,,,,,,,,
Jade1,GMP,LSKd7,-1.16659479,0,3,,,,,,,,,,,,,,,,,,,,
Pcgf5,GMP,LSKd7,-1.170130445,0,3,,,,,,,,,,,,,,,,,,,,
Mllt11,GMP,LSKd7,-1.172908954,0,3,,,,,,,,,,,,,,,,,,,,
Smc1a,GMP,LSKd7,-1.213687054,0,3,,,,,,,,,,,,,,,,,,,,
Phf20,GMP,LSKd7,-1.223834482,0,3,,,,,,,,,,,,,,,,,,,,
Ube2a,GMP,LSKd7,-1.309035257,0,3,,,,,,,,,,,,,,,,,,,,
Elp5,GMP,LSKd7,-1.321386505,0,3,,,,,,,,,,,,,,,,,,,,
Pmf1,GMP,LSKd7,-1.333476307,0,3,,,,,,,,,,,,,,,,,,,,
Taf7,GMP,LSKd7,-1.339208591,0,3,,,,,,,,,,,,,,,,,,,,
Yeats4,GMP,LSKd7,-1.467203531,0,3,,,,,,,,,,,,,,,,,,,,
Pml,GMP,LSKd7,-1.47058489,0,3,,,,,,,,,,,,,,,,,,,,
Wac,GMP,LSKd7,-1.497896852,0,3,,,,,,,,,,,,,,,,,,,,
Mier1,GMP,LSKd7,-1.530767613,0,3,,,,,,,,,,,,,,,,,,,,
Bbx,GMP,LSKd7,-1.566043005,0,3,,,,,,,,,,,,,,,,,,,,
Set,GMP,LSKd7,-1.592499174,0,3,,,,,,,,,,,,,,,,,,,,
Mier2,GMP,LSKd7,-1.60379763,0,3,,,,,,,,,,,,,,,,,,,,
Med21,GMP,LSKd7,-1.640054748,0,3,,,,,,,,,,,,,,,,,,,,
Ncoa3,GMP,LSKd7,-1.696044808,0,3,,,,,,,,,,,,,,,,,,,,
H3f3a,GMP,LSKd7,-1.758720214,0,3,,,,,,,,,,,,,,,,,,,,
Aurkb,GMP,LSKd7,-1.773197065,0,3,,,,,,,,,,,,,,,,,,,,
Atxn7l3,GMP,LSKd7,-1.882976536,0,3,,,,,,,,,,,,,,,,,,,,
Brd1,GMP,LSKd7,-1.890726946,0,3,,,,,,,,,,,,,,,,,,,,
Rad21,GMP,LSKd7,-1.944722463,0,3,,,,,,,,,,,,,,,,,,,,
Rnf40,GMP,LSKd7,-1.991709572,0,3,,,,,,,,,,,,,,,,,,,,
Ctcf,GMP,LSKd7,-2.046073701,0,3,,,,,,,,,,,,,,,,,,,,
Jade3,GMP,LSKd7,-2.05195463,0,3,,,,,,,,,,,,,,,,,,,,
Taf9b,GMP,LSKd7,-2.111906101,0,3,,,,,,,,,,,,,,,,,,,,
Med25,GMP,LSKd7,-2.278391321,0,3,,,,,,,,,,,,,,,,,,,,
Phf11a,GMP,LSKd7,-0.064048581,0,2,,,,,,,,,,,,,,,,,,,,
Spi1,GMP,MEP,-7.204461465,15,16,,,,,,,,,,,,,,,,,,,,
Cebpa,GMP,MEP,-4.259846422,12,16,,,,,,,,,,,,,,,,,,,,
Gata2,GMP,MEP,1.477681285,4,16,,,,,,,,,,,,,,,,,,,,
Pax5,GMP,MEP,-0.178304317,1,16,,,,,,,,,,,,,,,,,,,,
Ezh2,GMP,MEP,-0.585133371,1,10,,,,,,,,,,,,,,,,,,,,
Gata1,GMP,MEP,-0.828411121,1,10,,,,,,,,,,,,,,,,,,,,
Ebf1,GMP,MEP,-1.007167448,1,10,,,,,,,,,,,,,,,,,,,,
Mbd2,GMP,MEP,0.240835534,0,10,,,,,,,,,,,,,,,,,,,,
Zfpm1,GMP,MEP,-0.078530554,0,10,,,,,,,,,,,,,,,,,,,,
Men1,GMP,MEP,6.988584603,6,6,,,,,,,,,,,,,,,,,,,,
Rbbp4,GMP,MEP,6.572640952,6,6,,,,,,,,,,,,,,,,,,,,
Hdac3,GMP,MEP,5.22522973,6,6,,,,,,,,,,,,,,,,,,,,
Kmt2a,GMP,MEP,4.907014142,6,6,,,,,,,,,,,,,,,,,,,,
Kmt2b,GMP,MEP,3.870470421,6,6,,,,,,,,,,,,,,,,,,,,
Kmt2d,GMP,MEP,-8.738577793,6,6,,,,,,,,,,,,,,,,,,,,
Chd4,GMP,MEP,4.896043859,5,6,,,,,,,,,,,,,,,,,,,,
Rbbp5,GMP,MEP,4.14163803,5,6,,,,,,,,,,,,,,,,,,,,
Ss18,GMP,MEP,-3.340093473,5,6,,,,,,,,,,,,,,,,,,,,
Kdm1a,GMP,MEP,3.746271644,4,6,,,,,,,,,,,,,,,,,,,,
Smarcc1,GMP,MEP,-2.503829545,4,6,,,,,,,,,,,,,,,,,,,,
Wdr82,GMP,MEP,-3.757631507,4,6,,,,,,,,,,,,,,,,,,,,
Actl6a,GMP,MEP,3.826961994,3,6,,,,,,,,,,,,,,,,,,,,
Nup85,GMP,MEP,3.236036814,3,6,,,,,,,,,,,,,,,,,,,,
Wdr5,GMP,MEP,3.211417741,3,6,,,,,,,,,,,,,,,,,,,,
Kat8,GMP,MEP,2.649329304,3,6,,,,,,,,,,,,,,,,,,,,
Cxxc1,GMP,MEP,2.418906006,3,6,,,,,,,,,,,,,,,,,,,,
Hdac1,GMP,MEP,2.374914183,3,6,,,,,,,,,,,,,,,,,,,,
Nup62,GMP,MEP,2.254760214,3,6,,,,,,,,,,,,,,,,,,,,
Brd9,GMP,MEP,2.20095298,3,6,,,,,,,,,,,,,,,,,,,,
Ash2l,GMP,MEP,1.174685783,3,6,,,,,,,,,,,,,,,,,,,,
Ncoa6,GMP,MEP,-2.352994629,3,6,,,,,,,,,,,,,,,,,,,,
Rcor1,GMP,MEP,-2.646597958,3,6,,,,,,,,,,,,,,,,,,,,
Smarcd2,GMP,MEP,-2.915259096,3,6,,,,,,,,,,,,,,,,,,,,
Smarca5,GMP,MEP,2.804611601,2,6,,,,,,,,,,,,,,,,,,,,
Mbd3,GMP,MEP,2.53875272,2,6,,,,,,,,,,,,,,,,,,,,
Ncor1,GMP,MEP,2.517247015,2,6,,,,,,,,,,,,,,,,,,,,
Bptf,GMP,MEP,2.427925272,2,6,,,,,,,,,,,,,,,,,,,,
Nup153,GMP,MEP,2.27216909,2,6,,,,,,,,,,,,,,,,,,,,
Smarcd1,GMP,MEP,1.909622519,2,6,,,,,,,,,,,,,,,,,,,,
Nup43,GMP,MEP,1.625450007,2,6,,,,,,,,,,,,,,,,,,,,
Smarce1,GMP,MEP,0.744275556,2,6,,,,,,,,,,,,,,,,,,,,
Eif3d,GMP,MEP,-1.545436623,2,6,,,,,,,,,,,,,,,,,,,,
Arid1b,GMP,MEP,-1.78999173,2,6,,,,,,,,,,,,,,,,,,,,
Smarca4,GMP,MEP,-1.89757707,2,6,,,,,,,,,,,,,,,,,,,,
Eif3b,GMP,MEP,-2.019107192,2,6,,,,,,,,,,,,,,,,,,,,
Arid1a,GMP,MEP,-2.189488334,2,6,,,,,,,,,,,,,,,,,,,,
Dpf2,GMP,MEP,-2.251919351,2,6,,,,,,,,,,,,,,,,,,,,
Hcfc1,GMP,MEP,2.061461121,1,6,,,,,,,,,,,,,,,,,,,,
Dpy30,GMP,MEP,1.814428334,1,6,,,,,,,,,,,,,,,,,,,,
Setd1a,GMP,MEP,1.746593561,1,6,,,,,,,,,,,,,,,,,,,,
Bcl11a,GMP,MEP,1.632672683,1,6,,,,,,,,,,,,,,,,,,,,
Gltscr1,GMP,MEP,1.267535623,1,6,,,,,,,,,,,,,,,,,,,,
Smarcb1,GMP,MEP,-0.046767132,1,6,,,,,,,,,,,,,,,,,,,,
Bcl7b,GMP,MEP,-0.075467756,1,6,,,,,,,,,,,,,,,,,,,,
Smarcad1,GMP,MEP,-0.763989792,1,6,,,,,,,,,,,,,,,,,,,,
Rest,GMP,MEP,-1.183422246,1,6,,,,,,,,,,,,,,,,,,,,
Setd1b,GMP,MEP,-1.436697034,1,6,,,,,,,,,,,,,,,,,,,,
Tbl1x,GMP,MEP,1.150352238,0,6,,,,,,,,,,,,,,,,,,,,
Nup50,GMP,MEP,1.144517844,0,6,,,,,,,,,,,,,,,,,,,,
Tbl1xr1,GMP,MEP,1.12772852,0,6,,,,,,,,,,,,,,,,,,,,
Chd3,GMP,MEP,0.969020046,0,6,,,,,,,,,,,,,,,,,,,,
Mta3,GMP,MEP,0.96729018,0,6,,,,,,,,,,,,,,,,,,,,
Hdac2,GMP,MEP,0.95365919,0,6,,,,,,,,,,,,,,,,,,,,
Kmt2e,GMP,MEP,0.857086578,0,6,,,,,,,,,,,,,,,,,,,,
Rbbp7,GMP,MEP,0.702433228,0,6,,,,,,,,,,,,,,,,,,,,
Nup133,GMP,MEP,0.597010428,0,6,,,,,,,,,,,,,,,,,,,,
Ss18l1,GMP,MEP,0.592799169,0,6,,,,,,,,,,,,,,,,,,,,
Maml3,GMP,MEP,0.589272316,0,6,,,,,,,,,,,,,,,,,,,,
Nupr1,GMP,MEP,0.440688321,0,6,,,,,,,,,,,,,,,,,,,,
Mta2,GMP,MEP,0.42697088,0,6,,,,,,,,,,,,,,,,,,,,
Bcl11b,GMP,MEP,0.392098619,0,6,,,,,,,,,,,,,,,,,,,,
Dpf3,GMP,MEP,0.380295937,0,6,,,,,,,,,,,,,,,,,,,,
Nup35,GMP,MEP,0.343675596,0,6,,,,,,,,,,,,,,,,,,,,
Kdm5a,GMP,MEP,0.270070773,0,6,,,,,,,,,,,,,,,,,,,,
Prmt10,GMP,MEP,0.261563417,0,6,,,,,,,,,,,,,,,,,,,,
Pagr1a,GMP,MEP,0.128083157,0,6,,,,,,,,,,,,,,,,,,,,
Ncor2,GMP,MEP,0.080601259,0,6,,,,,,,,,,,,,,,,,,,,
Ezh1,GMP,MEP,0.062887578,0,6,,,,,,,,,,,,,,,,,,,,
Smarca2,GMP,MEP,-0.090003948,0,6,,,,,,,,,,,,,,,,,,,,
Kdm5b,GMP,MEP,-0.102227472,0,6,,,,,,,,,,,,,,,,,,,,
Gltscr1l,GMP,MEP,-0.182333211,0,6,,,,,,,,,,,,,,,,,,,,
Paxip1,GMP,MEP,-0.241608191,0,6,,,,,,,,,,,,,,,,,,,,
Kmt2c,GMP,MEP,-0.32977436,0,6,,,,,,,,,,,,,,,,,,,,
Brd7,GMP,MEP,-0.383465098,0,6,,,,,,,,,,,,,,,,,,,,
Phf10,GMP,MEP,-0.42114681,0,6,,,,,,,,,,,,,,,,,,,,
Bcl7a,GMP,MEP,-0.432231357,0,6,,,,,,,,,,,,,,,,,,,,
Smarcal1,GMP,MEP,-0.547906924,0,6,,,,,,,,,,,,,,,,,,,,
Smarcc2,GMP,MEP,-0.580698601,0,6,,,,,,,,,,,,,,,,,,,,
Trp53,GMP,MEP,-0.757450625,0,6,,,,,,,,,,,,,,,,,,,,
Arid2,GMP,MEP,-0.871311607,0,6,,,,,,,,,,,,,,,,,,,,
Pbrm1,GMP,MEP,-1.154587097,0,6,,,,,,,,,,,,,,,,,,,,
Setdb1,GMP,MEP,7.15685274,4,4,,,,,,,,,,,,,,,,,,,,
Prmt1,GMP,MEP,5.681418394,4,4,,,,,,,,,,,,,,,,,,,,
Carm1,GMP,MEP,4.638184964,3,4,,,,,,,,,,,,,,,,,,,,
Ash1l,GMP,MEP,3.68691089,2,4,,,,,,,,,,,,,,,,,,,,
Cbx3,GMP,MEP,2.804208413,2,4,,,,,,,,,,,,,,,,,,,,
Baz1b,GMP,MEP,1.45890306,2,4,,,,,,,,,,,,,,,,,,,,
Phf5a,GMP,MEP,-0.849980794,2,4,,,,,,,,,,,,,,,,,,,,
Suv39h1,GMP,MEP,-0.920506476,2,4,,,,,,,,,,,,,,,,,,,,
Asf1b,GMP,MEP,-1.244968867,2,4,,,,,,,,,,,,,,,,,,,,
Cbx6,GMP,MEP,-1.493879178,2,4,,,,,,,,,,,,,,,,,,,,
Kdm3a,GMP,MEP,-1.528969845,2,4,,,,,,,,,,,,,,,,,,,,
Hdac4,GMP,MEP,-1.972290419,2,4,,,,,,,,,,,,,,,,,,,,
Smc2,GMP,MEP,-2.011603993,2,4,,,,,,,,,,,,,,,,,,,,
Hdac7,GMP,MEP,-2.081978778,2,4,,,,,,,,,,,,,,,,,,,,
Sap30,GMP,MEP,-2.318713714,2,4,,,,,,,,,,,,,,,,,,,,
Kdm6b,GMP,MEP,-2.425609245,2,4,,,,,,,,,,,,,,,,,,,,
Setbp1,GMP,MEP,-2.573024494,2,4,,,,,,,,,,,,,,,,,,,,
Chaf1b,GMP,MEP,2.109994812,1,4,,,,,,,,,,,,,,,,,,,,
Ehmt1,GMP,MEP,2.092962748,1,4,,,,,,,,,,,,,,,,,,,,
Trim28,GMP,MEP,2.080435326,1,4,,,,,,,,,,,,,,,,,,,,
Dnmt1,GMP,MEP,1.707359185,1,4,,,,,,,,,,,,,,,,,,,,
Chaf1a,GMP,MEP,1.440565029,1,4,,,,,,,,,,,,,,,,,,,,
Baz1a,GMP,MEP,1.03199085,1,4,,,,,,,,,,,,,,,,,,,,
Asf1a,GMP,MEP,0.65056059,1,4,,,,,,,,,,,,,,,,,,,,
Sirt5,GMP,MEP,0.124643758,1,4,,,,,,,,,,,,,,,,,,,,
Kdm8,GMP,MEP,-0.112919102,1,4,,,,,,,,,,,,,,,,,,,,
Phf21a,GMP,MEP,-0.52784187,1,4,,,,,,,,,,,,,,,,,,,,
Hdac9,GMP,MEP,-0.529640764,1,4,,,,,,,,,,,,,,,,,,,,
Sirt3,GMP,MEP,-0.582509687,1,4,,,,,,,,,,,,,,,,,,,,
Suv39h2,GMP,MEP,-0.714683324,1,4,,,,,,,,,,,,,,,,,,,,
Hdac10,GMP,MEP,-0.750114719,1,4,,,,,,,,,,,,,,,,,,,,
Wbscr27,GMP,MEP,-0.835760815,1,4,,,,,,,,,,,,,,,,,,,,
Mllt6,GMP,MEP,-0.992671527,1,4,,,,,,,,,,,,,,,,,,,,
Hmg20a,GMP,MEP,-0.99896808,1,4,,,,,,,,,,,,,,,,,,,,
Shprh,GMP,MEP,-1.043187312,1,4,,,,,,,,,,,,,,,,,,,,
Setd4,GMP,MEP,-1.051907881,1,4,,,,,,,,,,,,,,,,,,,,
Setd6,GMP,MEP,-1.13051959,1,4,,,,,,,,,,,,,,,,,,,,
Ncapd2,GMP,MEP,-1.16625831,1,4,,,,,,,,,,,,,,,,,,,,
Cbx2,GMP,MEP,-1.170474002,1,4,,,,,,,,,,,,,,,,,,,,
Mettl7a1,GMP,MEP,-1.247833145,1,4,,,,,,,,,,,,,,,,,,,,
Phf6,GMP,MEP,-1.512460866,1,4,,,,,,,,,,,,,,,,,,,,
Prmt6,GMP,MEP,-1.563508306,1,4,,,,,,,,,,,,,,,,,,,,
Setd7,GMP,MEP,-1.592781988,1,4,,,,,,,,,,,,,,,,,,,,
Phf1,GMP,MEP,-1.605490619,1,4,,,,,,,,,,,,,,,,,,,,
Setd8,GMP,MEP,-1.665622448,1,4,,,,,,,,,,,,,,,,,,,,
Sp100,GMP,MEP,-1.777805036,1,4,,,,,,,,,,,,,,,,,,,,
Kdm7a,GMP,MEP,-1.858895917,1,4,,,,,,,,,,,,,,,,,,,,
Dnmt3a,GMP,MEP,-1.863088737,1,4,,,,,,,,,,,,,,,,,,,,
Mtf2,GMP,MEP,-1.888053683,1,4,,,,,,,,,,,,,,,,,,,,
Hat1,GMP,MEP,-1.952448573,1,4,,,,,,,,,,,,,,,,,,,,
Cbx7,GMP,MEP,-1.99306752,1,4,,,,,,,,,,,,,,,,,,,,
Hmgb3,GMP,MEP,-2.305574553,1,4,,,,,,,,,,,,,,,,,,,,
Gatad2b,GMP,MEP,1.124359192,0,4,,,,,,,,,,,,,,,,,,,,
Uhrf1,GMP,MEP,0.729024529,0,4,,,,,,,,,,,,,,,,,,,,
Prmt5,GMP,MEP,0.709800887,0,4,,,,,,,,,,,,,,,,,,,,
Snd1,GMP,MEP,0.285535036,0,4,,,,,,,,,,,,,,,,,,,,
Smyd3,GMP,MEP,0.221499245,0,4,,,,,,,,,,,,,,,,,,,,
Rai1,GMP,MEP,0.034500397,0,4,,,,,,,,,,,,,,,,,,,,
Mettl13,GMP,MEP,-0.090205548,0,4,,,,,,,,,,,,,,,,,,,,
Dnmt3b,GMP,MEP,-0.268217871,0,4,,,,,,,,,,,,,,,,,,,,
Ehmt2,GMP,MEP,-0.291075259,0,4,,,,,,,,,,,,,,,,,,,,
Chd7,GMP,MEP,-0.314366718,0,4,,,,,,,,,,,,,,,,,,,,
Ncapd3,GMP,MEP,-0.416128171,0,4,,,,,,,,,,,,,,,,,,,,
Cbx5,GMP,MEP,-0.514358231,0,4,,,,,,,,,,,,,,,,,,,,
Tdrd7,GMP,MEP,-0.539502718,0,4,,,,,,,,,,,,,,,,,,,,
Mbd5,GMP,MEP,-0.646234272,0,4,,,,,,,,,,,,,,,,,,,,
Smc4,GMP,MEP,-0.762558823,0,4,,,,,,,,,,,,,,,,,,,,
Prmt7,GMP,MEP,-0.768589859,0,4,,,,,,,,,,,,,,,,,,,,
Chd2,GMP,MEP,-0.786398562,0,4,,,,,,,,,,,,,,,,,,,,
Morf4l2,GMP,MEP,-0.795306462,0,4,,,,,,,,,,,,,,,,,,,,
Chmp2a,GMP,MEP,-0.800140821,0,4,,,,,,,,,,,,,,,,,,,,
Stag2,GMP,MEP,-0.889341111,0,4,,,,,,,,,,,,,,,,,,,,
Cbx4,GMP,MEP,-0.949876373,0,4,,,,,,,,,,,,,,,,,,,,
Kat2a,GMP,MEP,-0.95526163,0,4,,,,,,,,,,,,,,,,,,,,
Sirt7,GMP,MEP,-0.974328014,0,4,,,,,,,,,,,,,,,,,,,,
Suv420h1,GMP,MEP,-0.98120008,0,4,,,,,,,,,,,,,,,,,,,,
Smyd2,GMP,MEP,-1.007662885,0,4,,,,,,,,,,,,,,,,,,,,
Phc3,GMP,MEP,-1.098482535,0,4,,,,,,,,,,,,,,,,,,,,
Smc3,GMP,MEP,-1.179733464,0,4,,,,,,,,,,,,,,,,,,,,
Prmt2,GMP,MEP,-1.24561075,0,4,,,,,,,,,,,,,,,,,,,,
Prdm16,GMP,MEP,-1.279989688,0,4,,,,,,,,,,,,,,,,,,,,
Hmgn1,GMP,MEP,-1.40949758,0,4,,,,,,,,,,,,,,,,,,,,
Tsfm,GMP,MEP,-1.478486623,0,4,,,,,,,,,,,,,,,,,,,,
Nasp,GMP,MEP,-1.854493192,0,4,,,,,,,,,,,,,,,,,,,,
Setdb2,GMP,MEP,-1.882414595,0,4,,,,,,,,,,,,,,,,,,,,
Kat6a,GMP,MEP,4.991850889,3,3,,,,,,,,,,,,,,,,,,,,
Pds5a,GMP,MEP,4.288938569,3,3,,,,,,,,,,,,,,,,,,,,
Chd1,GMP,MEP,3.744354092,3,3,,,,,,,,,,,,,,,,,,,,
Med12,GMP,MEP,-4.479683011,3,3,,,,,,,,,,,,,,,,,,,,
Kdm6a,GMP,MEP,-4.587712817,3,3,,,,,,,,,,,,,,,,,,,,
Dot1l,GMP,MEP,5.041200778,2,3,,,,,,,,,,,,,,,,,,,,
Actr6,GMP,MEP,3.951462102,2,3,,,,,,,,,,,,,,,,,,,,
Zmynd8,GMP,MEP,3.809680189,2,3,,,,,,,,,,,,,,,,,,,,
Ctcf,GMP,MEP,3.643430726,2,3,,,,,,,,,,,,,,,,,,,,
Ptpn2,GMP,MEP,3.580344262,2,3,,,,,,,,,,,,,,,,,,,,
Yeats4,GMP,MEP,3.346121354,2,3,,,,,,,,,,,,,,,,,,,,
Pole3,GMP,MEP,3.337230036,2,3,,,,,,,,,,,,,,,,,,,,
Gatad1,GMP,MEP,3.216779587,2,3,,,,,,,,,,,,,,,,,,,,
Asxl2,GMP,MEP,3.161666175,2,3,,,,,,,,,,,,,,,,,,,,
Zfp592,GMP,MEP,3.075563095,2,3,,,,,,,,,,,,,,,,,,,,
Supt16,GMP,MEP,2.97764112,2,3,,,,,,,,,,,,,,,,,,,,
Morf4l1,GMP,MEP,2.281641392,2,3,,,,,,,,,,,,,,,,,,,,
Rad51,GMP,MEP,1.848899654,2,3,,,,,,,,,,,,,,,,,,,,
Mau2,GMP,MEP,-2.919627242,2,3,,,,,,,,,,,,,,,,,,,,
Med1,GMP,MEP,-3.182599395,2,3,,,,,,,,,,,,,,,,,,,,
Med25,GMP,MEP,-3.184605763,2,3,,,,,,,,,,,,,,,,,,,,
Rybp,GMP,MEP,-3.873303324,2,3,,,,,,,,,,,,,,,,,,,,
L3mbtl3,GMP,MEP,-5.072161252,2,3,,,,,,,,,,,,,,,,,,,,
Dmap1,GMP,MEP,3.532701989,1,3,,,,,,,,,,,,,,,,,,,,
Uba2,GMP,MEP,3.319807457,1,3,,,,,,,,,,,,,,,,,,,,
Phf12,GMP,MEP,3.005701961,1,3,,,,,,,,,,,,,,,,,,,,
Trrap,GMP,MEP,2.998336409,1,3,,,,,,,,,,,,,,,,,,,,
Znhit1,GMP,MEP,2.920106394,1,3,,,,,,,,,,,,,,,,,,,,
Srsf1,GMP,MEP,2.765786761,1,3,,,,,,,,,,,,,,,,,,,,
Pias1,GMP,MEP,2.671208515,1,3,,,,,,,,,,,,,,,,,,,,
Sf3b3,GMP,MEP,2.606494748,1,3,,,,,,,,,,,,,,,,,,,,
Sin3b,GMP,MEP,2.505213817,1,3,,,,,,,,,,,,,,,,,,,,
Smc5,GMP,MEP,2.500347201,1,3,,,,,,,,,,,,,,,,,,,,
Exosc2,GMP,MEP,2.493088268,1,3,,,,,,,,,,,,,,,,,,,,
Ahctf1,GMP,MEP,2.485878983,1,3,,,,,,,,,,,,,,,,,,,,
Kat5,GMP,MEP,2.462371719,1,3,,,,,,,,,,,,,,,,,,,,
Chd8,GMP,MEP,2.362062405,1,3,,,,,,,,,,,,,,,,,,,,
Mettl16,GMP,MEP,2.359323749,1,3,,,,,,,,,,,,,,,,,,,,
Srcap,GMP,MEP,2.271368906,1,3,,,,,,,,,,,,,,,,,,,,
Smc6,GMP,MEP,2.271322018,1,3,,,,,,,,,,,,,,,,,,,,
Aurka,GMP,MEP,2.131510898,1,3,,,,,,,,,,,,,,,,,,,,
Hira,GMP,MEP,2.116718053,1,3,,,,,,,,,,,,,,,,,,,,
Tex10,GMP,MEP,2.044624168,1,3,,,,,,,,,,,,,,,,,,,,
Mta1,GMP,MEP,2.014182036,1,3,,,,,,,,,,,,,,,,,,,,
Hdac8,GMP,MEP,1.961145764,1,3,,,,,,,,,,,,,,,,,,,,
Ruvbl2,GMP,MEP,1.936223695,1,3,,,,,,,,,,,,,,,,,,,,
Sf3b1,GMP,MEP,1.769468509,1,3,,,,,,,,,,,,,,,,,,,,
Mllt1,GMP,MEP,1.75754649,1,3,,,,,,,,,,,,,,,,,,,,
Nabp1,GMP,MEP,1.731888934,1,3,,,,,,,,,,,,,,,,,,,,
Ruvbl1,GMP,MEP,1.730718926,1,3,,,,,,,,,,,,,,,,,,,,
Eif4a3,GMP,MEP,1.691663614,1,3,,,,,,,,,,,,,,,,,,,,
Mbd1,GMP,MEP,1.643179826,1,3,,,,,,,,,,,,,,,,,,,,
Mllt3,GMP,MEP,1.640908886,1,3,,,,,,,,,,,,,,,,,,,,
Rcor3,GMP,MEP,1.564354131,1,3,,,,,,,,,,,,,,,,,,,,
Phf20l1,GMP,MEP,1.49731748,1,3,,,,,,,,,,,,,,,,,,,,
Gltscr2,GMP,MEP,1.460952532,1,3,,,,,,,,,,,,,,,,,,,,
Rcor2,GMP,MEP,1.395040463,1,3,,,,,,,,,,,,,,,,,,,,
Las1l,GMP,MEP,1.394195127,1,3,,,,,,,,,,,,,,,,,,,,
Kat6b,GMP,MEP,1.388300898,1,3,,,,,,,,,,,,,,,,,,,,
Tonsl,GMP,MEP,1.309672687,1,3,,,,,,,,,,,,,,,,,,,,
Top2a,GMP,MEP,1.28308845,1,3,,,,,,,,,,,,,,,,,,,,
Pcgf2,GMP,MEP,1.245614897,1,3,,,,,,,,,,,,,,,,,,,,
Noc2l,GMP,MEP,1.197109899,1,3,,,,,,,,,,,,,,,,,,,,
Rad21,GMP,MEP,1.141302624,1,3,,,,,,,,,,,,,,,,,,,,
Ep400,GMP,MEP,1.069073277,1,3,,,,,,,,,,,,,,,,,,,,
Hmgb1,GMP,MEP,1.0667751,1,3,,,,,,,,,,,,,,,,,,,,
Atm,GMP,MEP,0.981270195,1,3,,,,,,,,,,,,,,,,,,,,
Mbtps2,GMP,MEP,0.884464614,1,3,,,,,,,,,,,,,,,,,,,,
Kat7,GMP,MEP,0.831791964,1,3,,,,,,,,,,,,,,,,,,,,
Npm1,GMP,MEP,0.632617785,1,3,,,,,,,,,,,,,,,,,,,,
Phf2,GMP,MEP,0.631881328,1,3,,,,,,,,,,,,,,,,,,,,
Ythdf1,GMP,MEP,0.529736393,1,3,,,,,,,,,,,,,,,,,,,,
Pmf1,GMP,MEP,0.430263992,1,3,,,,,,,,,,,,,,,,,,,,
Med19,GMP,MEP,0.394978967,1,3,,,,,,,,,,,,,,,,,,,,
Gtf3a,GMP,MEP,-0.132822168,1,3,,,,,,,,,,,,,,,,,,,,
Sin3a,GMP,MEP,-0.544074286,1,3,,,,,,,,,,,,,,,,,,,,
Med9,GMP,MEP,-0.732999047,1,3,,,,,,,,,,,,,,,,,,,,
Med4,GMP,MEP,-0.856823181,1,3,,,,,,,,,,,,,,,,,,,,
Med29,GMP,MEP,-0.995174739,1,3,,,,,,,,,,,,,,,,,,,,
Med6,GMP,MEP,-1.026567631,1,3,,,,,,,,,,,,,,,,,,,,
Phb2,GMP,MEP,-1.114005005,1,3,,,,,,,,,,,,,,,,,,,,
Nipbl,GMP,MEP,-1.195158222,1,3,,,,,,,,,,,,,,,,,,,,
Med7,GMP,MEP,-1.254372031,1,3,,,,,,,,,,,,,,,,,,,,
Sp140,GMP,MEP,-1.483934356,1,3,,,,,,,,,,,,,,,,,,,,
Nudt21,GMP,MEP,-1.531453786,1,3,,,,,,,,,,,,,,,,,,,,
Ythdc1,GMP,MEP,-1.592807703,1,3,,,,,,,,,,,,,,,,,,,,
Kdm3b,GMP,MEP,-1.700053041,1,3,,,,,,,,,,,,,,,,,,,,
Mga,GMP,MEP,-1.772456152,1,3,,,,,,,,,,,,,,,,,,,,
Med18,GMP,MEP,-1.813791571,1,3,,,,,,,,,,,,,,,,,,,,
Naca,GMP,MEP,-1.821641768,1,3,,,,,,,,,,,,,,,,,,,,
Syncrip,GMP,MEP,-2.098438267,1,3,,,,,,,,,,,,,,,,,,,,
Nfrkb,GMP,MEP,-2.228523894,1,3,,,,,,,,,,,,,,,,,,,,
Arid4a,GMP,MEP,-2.298648109,1,3,,,,,,,,,,,,,,,,,,,,
Ldb1,GMP,MEP,-2.356402326,1,3,,,,,,,,,,,,,,,,,,,,
Set,GMP,MEP,-2.584169252,1,3,,,,,,,,,,,,,,,,,,,,
Ncaph2,GMP,MEP,-2.835574014,1,3,,,,,,,,,,,,,,,,,,,,
Brd4,GMP,MEP,-5.126526715,1,3,,,,,,,,,,,,,,,,,,,,
Setd5,GMP,MEP,2.670686274,0,3,,,,,,,,,,,,,,,,,,,,
Wapal,GMP,MEP,2.613872443,0,3,,,,,,,,,,,,,,,,,,,,
Zmym2,GMP,MEP,2.315013439,0,3,,,,,,,,,,,,,,,,,,,,
Ing5,GMP,MEP,2.238703684,0,3,,,,,,,,,,,,,,,,,,,,
Sap18,GMP,MEP,2.187379884,0,3,,,,,,,,,,,,,,,,,,,,
Mecom,GMP,MEP,2.132895412,0,3,,,,,,,,,,,,,,,,,,,,
Ube2d3,GMP,MEP,2.119477422,0,3,,,,,,,,,,,,,,,,,,,,
Cit,GMP,MEP,2.071249889,0,3,,,,,,,,,,,,,,,,,,,,
Lbr,GMP,MEP,2.065124805,0,3,,,,,,,,,,,,,,,,,,,,
Mybbp1a,GMP,MEP,2.044147776,0,3,,,,,,,,,,,,,,,,,,,,
Gatad2a,GMP,MEP,2.037813249,0,3,,,,,,,,,,,,,,,,,,,,
Senp1,GMP,MEP,1.929642477,0,3,,,,,,,,,,,,,,,,,,,,
Atr,GMP,MEP,1.928609234,0,3,,,,,,,,,,,,,,,,,,,,
Ddb1,GMP,MEP,1.812520087,0,3,,,,,,,,,,,,,,,,,,,,
Smyd4,GMP,MEP,1.812179249,0,3,,,,,,,,,,,,,,,,,,,,
Ing3,GMP,MEP,1.798407056,0,3,,,,,,,,,,,,,,,,,,,,
Atrx,GMP,MEP,1.797936881,0,3,,,,,,,,,,,,,,,,,,,,
Mbd6,GMP,MEP,1.685472314,0,3,,,,,,,,,,,,,,,,,,,,
Rnf8,GMP,MEP,1.650977398,0,3,,,,,,,,,,,,,,,,,,,,
Chrac1,GMP,MEP,1.643810043,0,3,,,,,,,,,,,,,,,,,,,,
Eid2,GMP,MEP,1.538874354,0,3,,,,,,,,,,,,,,,,,,,,
Psip1,GMP,MEP,1.534950002,0,3,,,,,,,,,,,,,,,,,,,,
Dhx36,GMP,MEP,1.53198621,0,3,,,,,,,,,,,,,,,,,,,,
Rrp8,GMP,MEP,1.512445688,0,3,,,,,,,,,,,,,,,,,,,,
Ddx21,GMP,MEP,1.49048846,0,3,,,,,,,,,,,,,,,,,,,,
Mbd4,GMP,MEP,1.482848586,0,3,,,,,,,,,,,,,,,,,,,,
Ube2b,GMP,MEP,1.447613832,0,3,,,,,,,,,,,,,,,,,,,,
Cdk5,GMP,MEP,1.425986096,0,3,,,,,,,,,,,,,,,,,,,,
Jade2,GMP,MEP,1.398670983,0,3,,,,,,,,,,,,,,,,,,,,
Bub1,GMP,MEP,1.355240911,0,3,,,,,,,,,,,,,,,,,,,,
Sap30bp,GMP,MEP,1.348622466,0,3,,,,,,,,,,,,,,,,,,,,
Med21,GMP,MEP,1.321888461,0,3,,,,,,,,,,,,,,,,,,,,
Brd3,GMP,MEP,1.309233284,0,3,,,,,,,,,,,,,,,,,,,,
Prdm10,GMP,MEP,1.285258996,0,3,,,,,,,,,,,,,,,,,,,,
Suv420h2,GMP,MEP,1.275026,0,3,,,,,,,,,,,,,,,,,,,,
Pkm,GMP,MEP,1.262295564,0,3,,,,,,,,,,,,,,,,,,,,
Kdm4a,GMP,MEP,1.247594175,0,3,,,,,,,,,,,,,,,,,,,,
Cdk1,GMP,MEP,1.205397437,0,3,,,,,,,,,,,,,,,,,,,,
Brdt,GMP,MEP,1.204790991,0,3,,,,,,,,,,,,,,,,,,,,
Phf3,GMP,MEP,1.191990016,0,3,,,,,,,,,,,,,,,,,,,,
Kansl1,GMP,MEP,1.17169489,0,3,,,,,,,,,,,,,,,,,,,,
Phf8,GMP,MEP,1.154657804,0,3,,,,,,,,,,,,,,,,,,,,
Scml4,GMP,MEP,1.140824584,0,3,,,,,,,,,,,,,,,,,,,,
Hmgn5,GMP,MEP,1.126494434,0,3,,,,,,,,,,,,,,,,,,,,
Tada2b,GMP,MEP,1.118978698,0,3,,,,,,,,,,,,,,,,,,,,
Phip,GMP,MEP,1.100381263,0,3,,,,,,,,,,,,,,,,,,,,
Ppie,GMP,MEP,1.085997447,0,3,,,,,,,,,,,,,,,,,,,,
Fbxw9,GMP,MEP,1.010792014,0,3,,,,,,,,,,,,,,,,,,,,
Mllt10,GMP,MEP,1.004376015,0,3,,,,,,,,,,,,,,,,,,,,
Gtf2h4,GMP,MEP,0.989875124,0,3,,,,,,,,,,,,,,,,,,,,
Pcgf5,GMP,MEP,0.953239896,0,3,,,,,,,,,,,,,,,,,,,,
Pcgf6,GMP,MEP,0.95206217,0,3,,,,,,,,,,,,,,,,,,,,
Cxxc5,GMP,MEP,0.945506575,0,3,,,,,,,,,,,,,,,,,,,,
Mettl23,GMP,MEP,0.936507839,0,3,,,,,,,,,,,,,,,,,,,,
Ino80d,GMP,MEP,0.934903035,0,3,,,,,,,,,,,,,,,,,,,,
Max,GMP,MEP,0.873697193,0,3,,,,,,,,,,,,,,,,,,,,
Eya4,GMP,MEP,0.857592763,0,3,,,,,,,,,,,,,,,,,,,,
Dnttip2,GMP,MEP,0.853889332,0,3,,,,,,,,,,,,,,,,,,,,
Phf23,GMP,MEP,0.850521954,0,3,,,,,,,,,,,,,,,,,,,,
Zzz3,GMP,MEP,0.848114485,0,3,,,,,,,,,,,,,,,,,,,,
Setd2,GMP,MEP,0.847774418,0,3,,,,,,,,,,,,,,,,,,,,
Ddx31,GMP,MEP,0.846883584,0,3,,,,,,,,,,,,,,,,,,,,
Hdac11,GMP,MEP,0.845271022,0,3,,,,,,,,,,,,,,,,,,,,
Kdm2a,GMP,MEP,0.844429389,0,3,,,,,,,,,,,,,,,,,,,,
Bmi1,GMP,MEP,0.844370044,0,3,,,,,,,,,,,,,,,,,,,,
Dr1,GMP,MEP,0.835408379,0,3,,,,,,,,,,,,,,,,,,,,
Scmh1,GMP,MEP,0.815667077,0,3,,,,,,,,,,,,,,,,,,,,
Brcc3,GMP,MEP,0.814113534,0,3,,,,,,,,,,,,,,,,,,,,
Ccdc101,GMP,MEP,0.813566111,0,3,,,,,,,,,,,,,,,,,,,,
Kansl2,GMP,MEP,0.803811813,0,3,,,,,,,,,,,,,,,,,,,,
Chd1l,GMP,MEP,0.798089783,0,3,,,,,,,,,,,,,,,,,,,,
Prdm15,GMP,MEP,0.788669191,0,3,,,,,,,,,,,,,,,,,,,,
Kdm2b,GMP,MEP,0.786724513,0,3,,,,,,,,,,,,,,,,,,,,
Clock,GMP,MEP,0.776001834,0,3,,,,,,,,,,,,,,,,,,,,
Ctbp1,GMP,MEP,0.764652452,0,3,,,,,,,,,,,,,,,,,,,,
Zbtb33,GMP,MEP,0.757730148,0,3,,,,,,,,,,,,,,,,,,,,
Baz2b,GMP,MEP,0.746679429,0,3,,,,,,,,,,,,,,,,,,,,
Esco2,GMP,MEP,0.745649595,0,3,,,,,,,,,,,,,,,,,,,,
Stag1,GMP,MEP,0.73711353,0,3,,,,,,,,,,,,,,,,,,,,
Gtf2h3,GMP,MEP,0.734423866,0,3,,,,,,,,,,,,,,,,,,,,
H3f3a,GMP,MEP,0.733021613,0,3,,,,,,,,,,,,,,,,,,,,
Hirip3,GMP,MEP,0.731081593,0,3,,,,,,,,,,,,,,,,,,,,
Pds5b,GMP,MEP,0.729374261,0,3,,,,,,,,,,,,,,,,,,,,
Prdm9,GMP,MEP,0.72690555,0,3,,,,,,,,,,,,,,,,,,,,
Cdk17,GMP,MEP,0.722023196,0,3,,,,,,,,,,,,,,,,,,,,
Pias4,GMP,MEP,0.7173423,0,3,,,,,,,,,,,,,,,,,,,,
Prdm5,GMP,MEP,0.716657234,0,3,,,,,,,,,,,,,,,,,,,,
Hmg20b,GMP,MEP,0.715174489,0,3,,,,,,,,,,,,,,,,,,,,
Rnf168,GMP,MEP,0.709946091,0,3,,,,,,,,,,,,,,,,,,,,
Ddb2,GMP,MEP,0.709426797,0,3,,,,,,,,,,,,,,,,,,,,
Med11,GMP,MEP,0.702716844,0,3,,,,,,,,,,,,,,,,,,,,
Mettl17,GMP,MEP,0.700873301,0,3,,,,,,,,,,,,,,,,,,,,
Suz12,GMP,MEP,0.689883607,0,3,,,,,,,,,,,,,,,,,,,,
Mdm2,GMP,MEP,0.689136629,0,3,,,,,,,,,,,,,,,,,,,,
Pias3,GMP,MEP,0.635569576,0,3,,,,,,,,,,,,,,,,,,,,
Pias2,GMP,MEP,0.634166684,0,3,,,,,,,,,,,,,,,,,,,,
Phc2,GMP,MEP,0.633920828,0,3,,,,,,,,,,,,,,,,,,,,
Rbbp8,GMP,MEP,0.630468726,0,3,,,,,,,,,,,,,,,,,,,,
Chmp2b,GMP,MEP,0.613780688,0,3,,,,,,,,,,,,,,,,,,,,
Mettl22,GMP,MEP,0.595916452,0,3,,,,,,,,,,,,,,,,,,,,
Usp16,GMP,MEP,0.578479105,0,3,,,,,,,,,,,,,,,,,,,,
Dhx8,GMP,MEP,0.577620395,0,3,,,,,,,,,,,,,,,,,,,,
Hmgxb4,GMP,MEP,0.573027886,0,3,,,,,,,,,,,,,,,,,,,,
Zfp57,GMP,MEP,0.566847049,0,3,,,,,,,,,,,,,,,,,,,,
Mcrs1,GMP,MEP,0.559379833,0,3,,,,,,,,,,,,,,,,,,,,
Pcgf3,GMP,MEP,0.541662383,0,3,,,,,,,,,,,,,,,,,,,,
Nr1d1,GMP,MEP,0.536067515,0,3,,,,,,,,,,,,,,,,,,,,
Hltf,GMP,MEP,0.517119028,0,3,,,,,,,,,,,,,,,,,,,,
Mettl25,GMP,MEP,0.512234189,0,3,,,,,,,,,,,,,,,,,,,,
Phb,GMP,MEP,0.510673421,0,3,,,,,,,,,,,,,,,,,,,,
Mllt4,GMP,MEP,0.510297995,0,3,,,,,,,,,,,,,,,,,,,,
Maml1,GMP,MEP,0.506294078,0,3,,,,,,,,,,,,,,,,,,,,
Med24,GMP,MEP,0.504147323,0,3,,,,,,,,,,,,,,,,,,,,
Prdm11,GMP,MEP,0.503304376,0,3,,,,,,,,,,,,,,,,,,,,
Stk4,GMP,MEP,0.498853286,0,3,,,,,,,,,,,,,,,,,,,,
Phf13,GMP,MEP,0.494839595,0,3,,,,,,,,,,,,,,,,,,,,
Mettl6,GMP,MEP,0.493163993,0,3,,,,,,,,,,,,,,,,,,,,
Rcc1,GMP,MEP,0.485911218,0,3,,,,,,,,,,,,,,,,,,,,
Ctbp2,GMP,MEP,0.483710434,0,3,,,,,,,,,,,,,,,,,,,,
Chmp1a,GMP,MEP,0.466476428,0,3,,,,,,,,,,,,,,,,,,,,
Ncaph,GMP,MEP,0.454862629,0,3,,,,,,,,,,,,,,,,,,,,
Tgfbr1,GMP,MEP,0.449092664,0,3,,,,,,,,,,,,,,,,,,,,
Ncoa4,GMP,MEP,0.439647062,0,3,,,,,,,,,,,,,,,,,,,,
Tet3,GMP,MEP,0.42074821,0,3,,,,,,,,,,,,,,,,,,,,
Kdm4b,GMP,MEP,0.420343305,0,3,,,,,,,,,,,,,,,,,,,,
Kdm1b,GMP,MEP,0.416618416,0,3,,,,,,,,,,,,,,,,,,,,
Rbx1,GMP,MEP,0.415139703,0,3,,,,,,,,,,,,,,,,,,,,
Brd8,GMP,MEP,0.413474766,0,3,,,,,,,,,,,,,,,,,,,,
Hmbox1,GMP,MEP,0.411753694,0,3,,,,,,,,,,,,,,,,,,,,
Kansl3,GMP,MEP,0.408010611,0,3,,,,,,,,,,,,,,,,,,,,
Purb,GMP,MEP,0.402273222,0,3,,,,,,,,,,,,,,,,,,,,
Mycbp2,GMP,MEP,0.38462748,0,3,,,,,,,,,,,,,,,,,,,,
Pdcd2,GMP,MEP,0.359173145,0,3,,,,,,,,,,,,,,,,,,,,
Fam208a,GMP,MEP,0.358551736,0,3,,,,,,,,,,,,,,,,,,,,
Med22,GMP,MEP,0.357351592,0,3,,,,,,,,,,,,,,,,,,,,
Mettl14,GMP,MEP,0.357332482,0,3,,,,,,,,,,,,,,,,,,,,
Ddx47,GMP,MEP,0.352295909,0,3,,,,,,,,,,,,,,,,,,,,
Senp3,GMP,MEP,0.337510234,0,3,,,,,,,,,,,,,,,,,,,,
Nap1l4,GMP,MEP,0.336078613,0,3,,,,,,,,,,,,,,,,,,,,
Nab2,GMP,MEP,0.33530803,0,3,,,,,,,,,,,,,,,,,,,,
Ssrp1,GMP,MEP,0.33134087,0,3,,,,,,,,,,,,,,,,,,,,
Ddx50,GMP,MEP,0.330016122,0,3,,,,,,,,,,,,,,,,,,,,
Cstf1,GMP,MEP,0.325348939,0,3,,,,,,,,,,,,,,,,,,,,
Jade1,GMP,MEP,0.31916741,0,3,,,,,,,,,,,,,,,,,,,,
Ntmt1,GMP,MEP,0.315839964,0,3,,,,,,,,,,,,,,,,,,,,
Cbx1,GMP,MEP,0.312981421,0,3,,,,,,,,,,,,,,,,,,,,
Eya3,GMP,MEP,0.298264183,0,3,,,,,,,,,,,,,,,,,,,,
Mier3,GMP,MEP,0.298074748,0,3,,,,,,,,,,,,,,,,,,,,
Uty,GMP,MEP,0.297157623,0,3,,,,,,,,,,,,,,,,,,,,
Dek,GMP,MEP,0.296234507,0,3,,,,,,,,,,,,,,,,,,,,
Foxp2,GMP,MEP,0.285112623,0,3,,,,,,,,,,,,,,,,,,,,
Maml2,GMP,MEP,0.28490697,0,3,,,,,,,,,,,,,,,,,,,,
Pqbp1,GMP,MEP,0.269197325,0,3,,,,,,,,,,,,,,,,,,,,
Pura,GMP,MEP,0.267188658,0,3,,,,,,,,,,,,,,,,,,,,
Mettl21a,GMP,MEP,0.266407523,0,3,,,,,,,,,,,,,,,,,,,,
Jmjd8,GMP,MEP,0.26322047,0,3,,,,,,,,,,,,,,,,,,,,
Nab1,GMP,MEP,0.258668514,0,3,,,,,,,,,,,,,,,,,,,,
Med28,GMP,MEP,0.257381288,0,3,,,,,,,,,,,,,,,,,,,,
Hdac5,GMP,MEP,0.255146029,0,3,,,,,,,,,,,,,,,,,,,,
Phf7,GMP,MEP,0.254817668,0,3,,,,,,,,,,,,,,,,,,,,
Mettl18,GMP,MEP,0.253330549,0,3,,,,,,,,,,,,,,,,,,,,
Ncl,GMP,MEP,0.251181037,0,3,,,,,,,,,,,,,,,,,,,,
Tet1,GMP,MEP,0.242297432,0,3,,,,,,,,,,,,,,,,,,,,
Mgmt,GMP,MEP,0.235924075,0,3,,,,,,,,,,,,,,,,,,,,
Paxbp1,GMP,MEP,0.233088376,0,3,,,,,,,,,,,,,,,,,,,,
Med16,GMP,MEP,0.231960308,0,3,,,,,,,,,,,,,,,,,,,,
Atad2,GMP,MEP,0.227973529,0,3,,,,,,,,,,,,,,,,,,,,
Tle1,GMP,MEP,0.224372645,0,3,,,,,,,,,,,,,,,,,,,,
Mettl8,GMP,MEP,0.223491688,0,3,,,,,,,,,,,,,,,,,,,,
Jmjd6,GMP,MEP,0.215956115,0,3,,,,,,,,,,,,,,,,,,,,
Mdfi,GMP,MEP,0.214242474,0,3,,,,,,,,,,,,,,,,,,,,
Chd6,GMP,MEP,0.206865769,0,3,,,,,,,,,,,,,,,,,,,,
Med13l,GMP,MEP,0.20150674,0,3,,,,,,,,,,,,,,,,,,,,
Hmgn3,GMP,MEP,0.200148003,0,3,,,,,,,,,,,,,,,,,,,,
Dtx3l,GMP,MEP,0.198843454,0,3,,,,,,,,,,,,,,,,,,,,
Nap1l1,GMP,MEP,0.194261616,0,3,,,,,,,,,,,,,,,,,,,,
Ankra2,GMP,MEP,0.188783156,0,3,,,,,,,,,,,,,,,,,,,,
Rbl2,GMP,MEP,0.186619741,0,3,,,,,,,,,,,,,,,,,,,,
Ncapg,GMP,MEP,0.184897923,0,3,,,,,,,,,,,,,,,,,,,,
Myef2,GMP,MEP,0.184057037,0,3,,,,,,,,,,,,,,,,,,,,
Mdfic,GMP,MEP,0.179069227,0,3,,,,,,,,,,,,,,,,,,,,
Prmt3,GMP,MEP,0.178541016,0,3,,,,,,,,,,,,,,,,,,,,
Ptov1,GMP,MEP,0.173653392,0,3,,,,,,,,,,,,,,,,,,,,
Gadd45a,GMP,MEP,0.170511805,0,3,,,,,,,,,,,,,,,,,,,,
Kat2b,GMP,MEP,0.169065632,0,3,,,,,,,,,,,,,,,,,,,,
Pygo1,GMP,MEP,0.166104591,0,3,,,,,,,,,,,,,,,,,,,,
Sap30l,GMP,MEP,0.163406418,0,3,,,,,,,,,,,,,,,,,,,,
Ncoa3,GMP,MEP,0.156688446,0,3,,,,,,,,,,,,,,,,,,,,
Eif4a2,GMP,MEP,0.155578015,0,3,,,,,,,,,,,,,,,,,,,,
Mettl2,GMP,MEP,0.148589204,0,3,,,,,,,,,,,,,,,,,,,,
Esco1,GMP,MEP,0.146681058,0,3,,,,,,,,,,,,,,,,,,,,
Med17,GMP,MEP,0.138838372,0,3,,,,,,,,,,,,,,,,,,,,
Chd9,GMP,MEP,0.132656358,0,3,,,,,,,,,,,,,,,,,,,,
Hells,GMP,MEP,0.11703102,0,3,,,,,,,,,,,,,,,,,,,,
Pnrc1,GMP,MEP,0.111033873,0,3,,,,,,,,,,,,,,,,,,,,
Tada1,GMP,MEP,0.105466598,0,3,,,,,,,,,,,,,,,,,,,,
Top2b,GMP,MEP,0.095706497,0,3,,,,,,,,,,,,,,,,,,,,
Med20,GMP,MEP,0.088646224,0,3,,,,,,,,,,,,,,,,,,,,
Setx,GMP,MEP,0.086710652,0,3,,,,,,,,,,,,,,,,,,,,
Uhrf2,GMP,MEP,0.08226209,0,3,,,,,,,,,,,,,,,,,,,,
Gon4l,GMP,MEP,0.060835545,0,3,,,,,,,,,,,,,,,,,,,,
Med14,GMP,MEP,0.060311338,0,3,,,,,,,,,,,,,,,,,,,,
Pttg1,GMP,MEP,0.0591669,0,3,,,,,,,,,,,,,,,,,,,,
Per2,GMP,MEP,0.048060924,0,3,,,,,,,,,,,,,,,,,,,,
Per1,GMP,MEP,0.042288004,0,3,,,,,,,,,,,,,,,,,,,,
H2afy2,GMP,MEP,0.034568921,0,3,,,,,,,,,,,,,,,,,,,,
Phf14,GMP,MEP,0.020524072,0,3,,,,,,,,,,,,,,,,,,,,
Rb1,GMP,MEP,0.01509381,0,3,,,,,,,,,,,,,,,,,,,,
Cul4b,GMP,MEP,0.007890372,0,3,,,,,,,,,,,,,,,,,,,,
Hmgn2,GMP,MEP,0.007358056,0,3,,,,,,,,,,,,,,,,,,,,
Smarcd3,GMP,MEP,0.00325637,0,3,,,,,,,,,,,,,,,,,,,,
Sap25,GMP,MEP,0.001197068,0,3,,,,,,,,,,,,,,,,,,,,
Nmi,GMP,MEP,-0.015694831,0,3,,,,,,,,,,,,,,,,,,,,
Chuk,GMP,MEP,-0.016708576,0,3,,,,,,,,,,,,,,,,,,,,
Mbtps1,GMP,MEP,-0.020851247,0,3,,,,,,,,,,,,,,,,,,,,
Ywhae,GMP,MEP,-0.021299518,0,3,,,,,,,,,,,,,,,,,,,,
Ppargc1b,GMP,MEP,-0.025117119,0,3,,,,,,,,,,,,,,,,,,,,
Vrk1,GMP,MEP,-0.027260344,0,3,,,,,,,,,,,,,,,,,,,,
Cdc73,GMP,MEP,-0.029015695,0,3,,,,,,,,,,,,,,,,,,,,
Rnf20,GMP,MEP,-0.029434329,0,3,,,,,,,,,,,,,,,,,,,,
Ncoa1,GMP,MEP,-0.03095971,0,3,,,,,,,,,,,,,,,,,,,,
Ube2d1,GMP,MEP,-0.040382723,0,3,,,,,,,,,,,,,,,,,,,,
Atn1,GMP,MEP,-0.042358347,0,3,,,,,,,,,,,,,,,,,,,,
Prr14,GMP,MEP,-0.057220366,0,3,,,,,,,,,,,,,,,,,,,,
Mecp2,GMP,MEP,-0.058539789,0,3,,,,,,,,,,,,,,,,,,,,
Ercc6,GMP,MEP,-0.0707955,0,3,,,,,,,,,,,,,,,,,,,,
Gadd45g,GMP,MEP,-0.073177915,0,3,,,,,,,,,,,,,,,,,,,,
Setd3,GMP,MEP,-0.081037159,0,3,,,,,,,,,,,,,,,,,,,,
Mbip,GMP,MEP,-0.082020595,0,3,,,,,,,,,,,,,,,,,,,,
Mdc1,GMP,MEP,-0.086265377,0,3,,,,,,,,,,,,,,,,,,,,
Lrrfip2,GMP,MEP,-0.08935777,0,3,,,,,,,,,,,,,,,,,,,,
Pml,GMP,MEP,-0.089806764,0,3,,,,,,,,,,,,,,,,,,,,
Zbtb7c,GMP,MEP,-0.090553887,0,3,,,,,,,,,,,,,,,,,,,,
Dzip3,GMP,MEP,-0.092089762,0,3,,,,,,,,,,,,,,,,,,,,
Zfp217,GMP,MEP,-0.099989377,0,3,,,,,,,,,,,,,,,,,,,,
Actr5,GMP,MEP,-0.100153959,0,3,,,,,,,,,,,,,,,,,,,,
Jmjd4,GMP,MEP,-0.108668583,0,3,,,,,,,,,,,,,,,,,,,,
Nabp2,GMP,MEP,-0.112423193,0,3,,,,,,,,,,,,,,,,,,,,
Maz,GMP,MEP,-0.113331484,0,3,,,,,,,,,,,,,,,,,,,,
H2afx,GMP,MEP,-0.128904064,0,3,,,,,,,,,,,,,,,,,,,,
Sirt2,GMP,MEP,-0.142293807,0,3,,,,,,,,,,,,,,,,,,,,
Wdr48,GMP,MEP,-0.151519275,0,3,,,,,,,,,,,,,,,,,,,,
Smarca1,GMP,MEP,-0.153061844,0,3,,,,,,,,,,,,,,,,,,,,
Mettl4,GMP,MEP,-0.154809394,0,3,,,,,,,,,,,,,,,,,,,,
Mettl1,GMP,MEP,-0.155947781,0,3,,,,,,,,,,,,,,,,,,,,
Msl3l2,GMP,MEP,-0.163592793,0,3,,,,,,,,,,,,,,,,,,,,
Ankrd32,GMP,MEP,-0.169118135,0,3,,,,,,,,,,,,,,,,,,,,
Ddx51,GMP,MEP,-0.178295317,0,3,,,,,,,,,,,,,,,,,,,,
Nono,GMP,MEP,-0.19258422,0,3,,,,,,,,,,,,,,,,,,,,
Zmynd11,GMP,MEP,-0.193618596,0,3,,,,,,,,,,,,,,,,,,,,
Hdgf,GMP,MEP,-0.195593825,0,3,,,,,,,,,,,,,,,,,,,,
Smchd1,GMP,MEP,-0.199423218,0,3,,,,,,,,,,,,,,,,,,,,
Arntl,GMP,MEP,-0.202820328,0,3,,,,,,,,,,,,,,,,,,,,
Prdm4,GMP,MEP,-0.206863839,0,3,,,,,,,,,,,,,,,,,,,,
Pwp1,GMP,MEP,-0.212258433,0,3,,,,,,,,,,,,,,,,,,,,
Pdp1,GMP,MEP,-0.22733018,0,3,,,,,,,,,,,,,,,,,,,,
Nek9,GMP,MEP,-0.232474575,0,3,,,,,,,,,,,,,,,,,,,,
Ncoa5,GMP,MEP,-0.288807143,0,3,,,,,,,,,,,,,,,,,,,,
Sirt6,GMP,MEP,-0.294610299,0,3,,,,,,,,,,,,,,,,,,,,
Phf19,GMP,MEP,-0.296681884,0,3,,,,,,,,,,,,,,,,,,,,
Anp32e,GMP,MEP,-0.298484441,0,3,,,,,,,,,,,,,,,,,,,,
Sirt1,GMP,MEP,-0.300714923,0,3,,,,,,,,,,,,,,,,,,,,
Anp32a,GMP,MEP,-0.307194498,0,3,,,,,,,,,,,,,,,,,,,,
Ythdf3,GMP,MEP,-0.307891954,0,3,,,,,,,,,,,,,,,,,,,,
Msl1,GMP,MEP,-0.311074641,0,3,,,,,,,,,,,,,,,,,,,,
Eya2,GMP,MEP,-0.312658446,0,3,,,,,,,,,,,,,,,,,,,,
Ing4,GMP,MEP,-0.313517004,0,3,,,,,,,,,,,,,,,,,,,,
Mettl15,GMP,MEP,-0.322446751,0,3,,,,,,,,,,,,,,,,,,,,
Mysm1,GMP,MEP,-0.323020404,0,3,,,,,,,,,,,,,,,,,,,,
Prkag2,GMP,MEP,-0.331746504,0,3,,,,,,,,,,,,,,,,,,,,
Ino80b,GMP,MEP,-0.355442357,0,3,,,,,,,,,,,,,,,,,,,,
Smyd5,GMP,MEP,-0.360288607,0,3,,,,,,,,,,,,,,,,,,,,
Rnf40,GMP,MEP,-0.362496545,0,3,,,,,,,,,,,,,,,,,,,,
Med10,GMP,MEP,-0.365220663,0,3,,,,,,,,,,,,,,,,,,,,
Cir1,GMP,MEP,-0.369539864,0,3,,,,,,,,,,,,,,,,,,,,
Nek6,GMP,MEP,-0.374508647,0,3,,,,,,,,,,,,,,,,,,,,
Gtf2a1,GMP,MEP,-0.377975972,0,3,,,,,,,,,,,,,,,,,,,,
Mapkapk3,GMP,MEP,-0.378914005,0,3,,,,,,,,,,,,,,,,,,,,
Usp12,GMP,MEP,-0.388050279,0,3,,,,,,,,,,,,,,,,,,,,
Eid1,GMP,MEP,-0.392973452,0,3,,,,,,,,,,,,,,,,,,,,
Gse1,GMP,MEP,-0.39327195,0,3,,,,,,,,,,,,,,,,,,,,
Rsf1,GMP,MEP,-0.419302379,0,3,,,,,,,,,,,,,,,,,,,,
Ring1,GMP,MEP,-0.423982321,0,3,,,,,,,,,,,,,,,,,,,,
Snai2,GMP,MEP,-0.432270623,0,3,,,,,,,,,,,,,,,,,,,,
Mettl9,GMP,MEP,-0.441534639,0,3,,,,,,,,,,,,,,,,,,,,
Ddx39,GMP,MEP,-0.446314209,0,3,,,,,,,,,,,,,,,,,,,,
Atad2b,GMP,MEP,-0.450350808,0,3,,,,,,,,,,,,,,,,,,,,
Mdm4,GMP,MEP,-0.451969393,0,3,,,,,,,,,,,,,,,,,,,,
Sirt4,GMP,MEP,-0.455387308,0,3,,,,,,,,,,,,,,,,,,,,
Tyw5,GMP,MEP,-0.473951236,0,3,,,,,,,,,,,,,,,,,,,,
Med31,GMP,MEP,-0.477904011,0,3,,,,,,,,,,,,,,,,,,,,
Prkdc,GMP,MEP,-0.484175422,0,3,,,,,,,,,,,,,,,,,,,,
Usp11,GMP,MEP,-0.499226211,0,3,,,,,,,,,,,,,,,,,,,,
Prdm2,GMP,MEP,-0.499619764,0,3,,,,,,,,,,,,,,,,,,,,
Dido1,GMP,MEP,-0.501304296,0,3,,,,,,,,,,,,,,,,,,,,
Prkcd,GMP,MEP,-0.503430443,0,3,,,,,,,,,,,,,,,,,,,,
Per3,GMP,MEP,-0.518374519,0,3,,,,,,,,,,,,,,,,,,,,
Bcorl1,GMP,MEP,-0.521969732,0,3,,,,,,,,,,,,,,,,,,,,
Yy1,GMP,MEP,-0.528330429,0,3,,,,,,,,,,,,,,,,,,,,
Prkca,GMP,MEP,-0.531706173,0,3,,,,,,,,,,,,,,,,,,,,
Pprc1,GMP,MEP,-0.532249868,0,3,,,,,,,,,,,,,,,,,,,,
Arrb1,GMP,MEP,-0.53366064,0,3,,,,,,,,,,,,,,,,,,,,
Mphosph8,GMP,MEP,-0.539390044,0,3,,,,,,,,,,,,,,,,,,,,
Med23,GMP,MEP,-0.539591468,0,3,,,,,,,,,,,,,,,,,,,,
Rbl1,GMP,MEP,-0.547264256,0,3,,,,,,,,,,,,,,,,,,,,
Med8,GMP,MEP,-0.547708437,0,3,,,,,,,,,,,,,,,,,,,,
Yaf2,GMP,MEP,-0.55305262,0,3,,,,,,,,,,,,,,,,,,,,
Tbp,GMP,MEP,-0.553070562,0,3,,,,,,,,,,,,,,,,,,,,
Trim16,GMP,MEP,-0.554210096,0,3,,,,,,,,,,,,,,,,,,,,
Kdm5d,GMP,MEP,-0.562452278,0,3,,,,,,,,,,,,,,,,,,,,
Mbtd1,GMP,MEP,-0.568816818,0,3,,,,,,,,,,,,,,,,,,,,
H2afy,GMP,MEP,-0.582343675,0,3,,,,,,,,,,,,,,,,,,,,
Usp21,GMP,MEP,-0.598917736,0,3,,,,,,,,,,,,,,,,,,,,
Med13,GMP,MEP,-0.611553228,0,3,,,,,,,,,,,,,,,,,,,,
Hmga2,GMP,MEP,-0.622618467,0,3,,,,,,,,,,,,,,,,,,,,
Dnmt3l,GMP,MEP,-0.625623556,0,3,,,,,,,,,,,,,,,,,,,,
Baz2a,GMP,MEP,-0.631017724,0,3,,,,,,,,,,,,,,,,,,,,
Spen,GMP,MEP,-0.640157497,0,3,,,,,,,,,,,,,,,,,,,,
Kdm4c,GMP,MEP,-0.640743298,0,3,,,,,,,,,,,,,,,,,,,,
Dnajc2,GMP,MEP,-0.665270805,0,3,,,,,,,,,,,,,,,,,,,,
Ino80,GMP,MEP,-0.668692499,0,3,,,,,,,,,,,,,,,,,,,,
Ubn1,GMP,MEP,-0.686038341,0,3,,,,,,,,,,,,,,,,,,,,
Mier2,GMP,MEP,-0.704464146,0,3,,,,,,,,,,,,,,,,,,,,
Asxl1,GMP,MEP,-0.706203748,0,3,,,,,,,,,,,,,,,,,,,,
Hmga1,GMP,MEP,-0.706895072,0,3,,,,,,,,,,,,,,,,,,,,
Brd2,GMP,MEP,-0.709173261,0,3,,,,,,,,,,,,,,,,,,,,
Padi4,GMP,MEP,-0.709897309,0,3,,,,,,,,,,,,,,,,,,,,
Atxn7,GMP,MEP,-0.730781853,0,3,,,,,,,,,,,,,,,,,,,,
Ino80c,GMP,MEP,-0.737585532,0,3,,,,,,,,,,,,,,,,,,,,
Anp32b,GMP,MEP,-0.742431064,0,3,,,,,,,,,,,,,,,,,,,,
Phf11b,GMP,MEP,-0.769999089,0,3,,,,,,,,,,,,,,,,,,,,
Cbx8,GMP,MEP,-0.784058765,0,3,,,,,,,,,,,,,,,,,,,,
Myo1c,GMP,MEP,-0.791557631,0,3,,,,,,,,,,,,,,,,,,,,
Prkab1,GMP,MEP,-0.796767062,0,3,,,,,,,,,,,,,,,,,,,,
Jarid2,GMP,MEP,-0.800750545,0,3,,,,,,,,,,,,,,,,,,,,
Hdac6,GMP,MEP,-0.808461298,0,3,,,,,,,,,,,,,,,,,,,,
Mycbp,GMP,MEP,-0.816538666,0,3,,,,,,,,,,,,,,,,,,,,
Arid5b,GMP,MEP,-0.821056473,0,3,,,,,,,,,,,,,,,,,,,,
Tle4,GMP,MEP,-0.827454974,0,3,,,,,,,,,,,,,,,,,,,,
Hmgb2,GMP,MEP,-0.854071705,0,3,,,,,,,,,,,,,,,,,,,,
Nsd1,GMP,MEP,-0.858019185,0,3,,,,,,,,,,,,,,,,,,,,
Atxn7l3,GMP,MEP,-0.858554081,0,3,,,,,,,,,,,,,,,,,,,,
Wsb2,GMP,MEP,-0.864918664,0,3,,,,,,,,,,,,,,,,,,,,
Med15,GMP,MEP,-0.872436849,0,3,,,,,,,,,,,,,,,,,,,,
Pbk,GMP,MEP,-0.877347406,0,3,,,,,,,,,,,,,,,,,,,,
Gadd45b,GMP,MEP,-0.886243293,0,3,,,,,,,,,,,,,,,,,,,,
Uchl5,GMP,MEP,-0.894694105,0,3,,,,,,,,,,,,,,,,,,,,
Prkab2,GMP,MEP,-0.902210659,0,3,,,,,,,,,,,,,,,,,,,,
Arid5a,GMP,MEP,-0.910235801,0,3,,,,,,,,,,,,,,,,,,,,
Mllt11,GMP,MEP,-0.912261159,0,3,,,,,,,,,,,,,,,,,,,,
Ino80e,GMP,MEP,-0.923093397,0,3,,,,,,,,,,,,,,,,,,,,
Lrrfip1,GMP,MEP,-0.93735359,0,3,,,,,,,,,,,,,,,,,,,,
Ddx23,GMP,MEP,-0.937378323,0,3,,,,,,,,,,,,,,,,,,,,
Eya1,GMP,MEP,-0.964165164,0,3,,,,,,,,,,,,,,,,,,,,
Phf20,GMP,MEP,-0.98572859,0,3,,,,,,,,,,,,,,,,,,,,
Hmgxb3,GMP,MEP,-1.005806217,0,3,,,,,,,,,,,,,,,,,,,,
Kdm5c,GMP,MEP,-1.014083394,0,3,,,,,,,,,,,,,,,,,,,,
Msl3,GMP,MEP,-1.026498848,0,3,,,,,,,,,,,,,,,,,,,,
Zhx1,GMP,MEP,-1.03734581,0,3,,,,,,,,,,,,,,,,,,,,
Zmym3,GMP,MEP,-1.039325397,0,3,,,,,,,,,,,,,,,,,,,,
Kti12,GMP,MEP,-1.044681647,0,3,,,,,,,,,,,,,,,,,,,,
Taf9b,GMP,MEP,-1.055570597,0,3,,,,,,,,,,,,,,,,,,,,
Phc1,GMP,MEP,-1.069413925,0,3,,,,,,,,,,,,,,,,,,,,
Rnf2,GMP,MEP,-1.081505672,0,3,,,,,,,,,,,,,,,,,,,,
L3mbtl2,GMP,MEP,-1.100432414,0,3,,,,,,,,,,,,,,,,,,,,
Vdr,GMP,MEP,-1.134930962,0,3,,,,,,,,,,,,,,,,,,,,
Ddx27,GMP,MEP,-1.149787038,0,3,,,,,,,,,,,,,,,,,,,,
Wac,GMP,MEP,-1.179448467,0,3,,,,,,,,,,,,,,,,,,,,
Tet2,GMP,MEP,-1.190276337,0,3,,,,,,,,,,,,,,,,,,,,
Jmjd1c,GMP,MEP,-1.212779571,0,3,,,,,,,,,,,,,,,,,,,,
Ube2e1,GMP,MEP,-1.229863864,0,3,,,,,,,,,,,,,,,,,,,,
Ube2a,GMP,MEP,-1.251672446,0,3,,,,,,,,,,,,,,,,,,,,
Mettl3,GMP,MEP,-1.256907774,0,3,,,,,,,,,,,,,,,,,,,,
Ncoa7,GMP,MEP,-1.285279272,0,3,,,,,,,,,,,,,,,,,,,,
Mier1,GMP,MEP,-1.28555274,0,3,,,,,,,,,,,,,,,,,,,,
Tfpt,GMP,MEP,-1.287502793,0,3,,,,,,,,,,,,,,,,,,,,
Crebbp,GMP,MEP,-1.296633881,0,3,,,,,,,,,,,,,,,,,,,,
Med27,GMP,MEP,-1.305253463,0,3,,,,,,,,,,,,,,,,,,,,
Ing2,GMP,MEP,-1.310086413,0,3,,,,,,,,,,,,,,,,,,,,
Brwd3,GMP,MEP,-1.314523388,0,3,,,,,,,,,,,,,,,,,,,,
Sap130,GMP,MEP,-1.320642813,0,3,,,,,,,,,,,,,,,,,,,,
Pnrc2,GMP,MEP,-1.3539737,0,3,,,,,,,,,,,,,,,,,,,,
Pygo2,GMP,MEP,-1.366181724,0,3,,,,,,,,,,,,,,,,,,,,
Smc1a,GMP,MEP,-1.400979775,0,3,,,,,,,,,,,,,,,,,,,,
Sfmbt1,GMP,MEP,-1.432043276,0,3,,,,,,,,,,,,,,,,,,,,
Jade3,GMP,MEP,-1.484124655,0,3,,,,,,,,,,,,,,,,,,,,
Actr8,GMP,MEP,-1.501991834,0,3,,,,,,,,,,,,,,,,,,,,
Aurkb,GMP,MEP,-1.517492574,0,3,,,,,,,,,,,,,,,,,,,,
Brd1,GMP,MEP,-1.623274794,0,3,,,,,,,,,,,,,,,,,,,,
Taf7,GMP,MEP,-1.629118865,0,3,,,,,,,,,,,,,,,,,,,,
Ing1,GMP,MEP,-1.716907196,0,3,,,,,,,,,,,,,,,,,,,,
Med26,GMP,MEP,-1.742800921,0,3,,,,,,,,,,,,,,,,,,,,
Ncoa2,GMP,MEP,-1.747719976,0,3,,,,,,,,,,,,,,,,,,,,
Psmc3,GMP,MEP,-1.774145755,0,3,,,,,,,,,,,,,,,,,,,,
Mettl5,GMP,MEP,-1.867697729,0,3,,,,,,,,,,,,,,,,,,,,
Bbx,GMP,MEP,-1.88240289,0,3,,,,,,,,,,,,,,,,,,,,
Taf4a,GMP,MEP,-2.017704918,0,3,,,,,,,,,,,,,,,,,,,,
Elp5,GMP,MEP,-2.268895045,0,3,,,,,,,,,,,,,,,,,,,,
Sp1,GMP,MEP,-2.271255766,0,3,,,,,,,,,,,,,,,,,,,,
Ep300,GMP,MEP,-2.277835817,0,3,,,,,,,,,,,,,,,,,,,,
Bcor,GMP,MEP,-2.36045155,0,3,,,,,,,,,,,,,,,,,,,,
Phf11a,GMP,MEP,-1.400454922,0,2,,,,,,,,,,,,,,,,,,,,
Spi1,GMP.CD11bGr1,GMP.DN,-6.903225517,13,13,,,,,,,,,,,,,,,,,,,,
Cebpa,GMP.CD11bGr1,GMP.DN,-3.119808415,6,13,,,,,,,,,,,,,,,,,,,,
Pax5,GMP.CD11bGr1,GMP.DN,-0.166202018,0,13,,,,,,,,,,,,,,,,,,,,
Gata2,GMP.CD11bGr1,GMP.DN,-0.249746311,0,13,,,,,,,,,,,,,,,,,,,,
Ebf1,GMP.CD11bGr1,GMP.DN,-0.30441343,0,13,,,,,,,,,,,,,,,,,,,,
Gata1,GMP.CD11bGr1,GMP.DN,-0.407142815,0,13,,,,,,,,,,,,,,,,,,,,
Mbd2,GMP.CD11bGr1,GMP.DN,0.632068782,1,10,,,,,,,,,,,,,,,,,,,,
Zfpm1,GMP.CD11bGr1,GMP.DN,0.13497623,0,10,,,,,,,,,,,,,,,,,,,,
Ezh2,GMP.CD11bGr1,GMP.DN,-0.182015427,0,10,,,,,,,,,,,,,,,,,,,,
Rai1,GMP.CD11bGr1,GMP.DN,0.186763838,0,7,,,,,,,,,,,,,,,,,,,,
Prdm16,GMP.CD11bGr1,GMP.DN,0.051406108,0,7,,,,,,,,,,,,,,,,,,,,
Kmt2d,GMP.CD11bGr1,GMP.DN,-5.355637688,4,6,,,,,,,,,,,,,,,,,,,,
Bcl11a,GMP.CD11bGr1,GMP.DN,1.397367466,2,6,,,,,,,,,,,,,,,,,,,,
Wdr5,GMP.CD11bGr1,GMP.DN,-0.350672697,2,6,,,,,,,,,,,,,,,,,,,,
Wdr82,GMP.CD11bGr1,GMP.DN,-1.253034142,2,6,,,,,,,,,,,,,,,,,,,,
Smarca5,GMP.CD11bGr1,GMP.DN,1.114504187,1,6,,,,,,,,,,,,,,,,,,,,
Smarce1,GMP.CD11bGr1,GMP.DN,0.988136938,1,6,,,,,,,,,,,,,,,,,,,,
Arid2,GMP.CD11bGr1,GMP.DN,0.870277533,1,6,,,,,,,,,,,,,,,,,,,,
Nup35,GMP.CD11bGr1,GMP.DN,0.702890375,1,6,,,,,,,,,,,,,,,,,,,,
Kmt2c,GMP.CD11bGr1,GMP.DN,0.2196531,1,6,,,,,,,,,,,,,,,,,,,,
Rbbp5,GMP.CD11bGr1,GMP.DN,-0.743457647,1,6,,,,,,,,,,,,,,,,,,,,
Smarcb1,GMP.CD11bGr1,GMP.DN,-1.166689492,1,6,,,,,,,,,,,,,,,,,,,,
Smarcd2,GMP.CD11bGr1,GMP.DN,-1.633822146,1,6,,,,,,,,,,,,,,,,,,,,
Gltscr1,GMP.CD11bGr1,GMP.DN,-1.851431405,1,6,,,,,,,,,,,,,,,,,,,,
Gltscr1l,GMP.CD11bGr1,GMP.DN,1.524821181,0,6,,,,,,,,,,,,,,,,,,,,
Men1,GMP.CD11bGr1,GMP.DN,1.406048694,0,6,,,,,,,,,,,,,,,,,,,,
Kdm5a,GMP.CD11bGr1,GMP.DN,1.334561378,0,6,,,,,,,,,,,,,,,,,,,,
Rbbp4,GMP.CD11bGr1,GMP.DN,1.057480382,0,6,,,,,,,,,,,,,,,,,,,,
Setd1a,GMP.CD11bGr1,GMP.DN,1.025517537,0,6,,,,,,,,,,,,,,,,,,,,
Rcor1,GMP.CD11bGr1,GMP.DN,0.878026444,0,6,,,,,,,,,,,,,,,,,,,,
Kmt2e,GMP.CD11bGr1,GMP.DN,0.861744851,0,6,,,,,,,,,,,,,,,,,,,,
Nup133,GMP.CD11bGr1,GMP.DN,0.851868832,0,6,,,,,,,,,,,,,,,,,,,,
Nup62,GMP.CD11bGr1,GMP.DN,0.812894845,0,6,,,,,,,,,,,,,,,,,,,,
Pbrm1,GMP.CD11bGr1,GMP.DN,0.693345018,0,6,,,,,,,,,,,,,,,,,,,,
Tbl1xr1,GMP.CD11bGr1,GMP.DN,0.64965909,0,6,,,,,,,,,,,,,,,,,,,,
Arid1a,GMP.CD11bGr1,GMP.DN,0.592068723,0,6,,,,,,,,,,,,,,,,,,,,
Smarcc2,GMP.CD11bGr1,GMP.DN,0.585788098,0,6,,,,,,,,,,,,,,,,,,,,
Actl6a,GMP.CD11bGr1,GMP.DN,0.534168874,0,6,,,,,,,,,,,,,,,,,,,,
Bcl7a,GMP.CD11bGr1,GMP.DN,0.520292344,0,6,,,,,,,,,,,,,,,,,,,,
Kmt2b,GMP.CD11bGr1,GMP.DN,0.507169643,0,6,,,,,,,,,,,,,,,,,,,,
Smarcal1,GMP.CD11bGr1,GMP.DN,0.499229931,0,6,,,,,,,,,,,,,,,,,,,,
Dpf3,GMP.CD11bGr1,GMP.DN,0.49716118,0,6,,,,,,,,,,,,,,,,,,,,
Dpy30,GMP.CD11bGr1,GMP.DN,0.493951288,0,6,,,,,,,,,,,,,,,,,,,,
Nup50,GMP.CD11bGr1,GMP.DN,0.47759317,0,6,,,,,,,,,,,,,,,,,,,,
Bcl7b,GMP.CD11bGr1,GMP.DN,0.45828809,0,6,,,,,,,,,,,,,,,,,,,,
Mbd3,GMP.CD11bGr1,GMP.DN,0.438130676,0,6,,,,,,,,,,,,,,,,,,,,
Nupr1,GMP.CD11bGr1,GMP.DN,0.420563431,0,6,,,,,,,,,,,,,,,,,,,,
Hdac3,GMP.CD11bGr1,GMP.DN,0.41924988,0,6,,,,,,,,,,,,,,,,,,,,
Kdm5b,GMP.CD11bGr1,GMP.DN,0.346992008,0,6,,,,,,,,,,,,,,,,,,,,
Smarcc1,GMP.CD11bGr1,GMP.DN,0.309637806,0,6,,,,,,,,,,,,,,,,,,,,
Brd7,GMP.CD11bGr1,GMP.DN,0.292787073,0,6,,,,,,,,,,,,,,,,,,,,
Mta2,GMP.CD11bGr1,GMP.DN,0.290696046,0,6,,,,,,,,,,,,,,,,,,,,
Nup43,GMP.CD11bGr1,GMP.DN,0.265891366,0,6,,,,,,,,,,,,,,,,,,,,
Cxxc1,GMP.CD11bGr1,GMP.DN,0.257693267,0,6,,,,,,,,,,,,,,,,,,,,
Arid1b,GMP.CD11bGr1,GMP.DN,0.255803333,0,6,,,,,,,,,,,,,,,,,,,,
Smarcd1,GMP.CD11bGr1,GMP.DN,0.24206226,0,6,,,,,,,,,,,,,,,,,,,,
Ss18l1,GMP.CD11bGr1,GMP.DN,0.219067574,0,6,,,,,,,,,,,,,,,,,,,,
Tbl1x,GMP.CD11bGr1,GMP.DN,0.217757111,0,6,,,,,,,,,,,,,,,,,,,,
Brd9,GMP.CD11bGr1,GMP.DN,0.212320195,0,6,,,,,,,,,,,,,,,,,,,,
Chd3,GMP.CD11bGr1,GMP.DN,0.205524359,0,6,,,,,,,,,,,,,,,,,,,,
Kmt2a,GMP.CD11bGr1,GMP.DN,0.195827423,0,6,,,,,,,,,,,,,,,,,,,,
Chd4,GMP.CD11bGr1,GMP.DN,0.169778475,0,6,,,,,,,,,,,,,,,,,,,,
Ss18,GMP.CD11bGr1,GMP.DN,0.158384072,0,6,,,,,,,,,,,,,,,,,,,,
Rbbp7,GMP.CD11bGr1,GMP.DN,0.140838201,0,6,,,,,,,,,,,,,,,,,,,,
Kdm1a,GMP.CD11bGr1,GMP.DN,0.13950198,0,6,,,,,,,,,,,,,,,,,,,,
Pagr1a,GMP.CD11bGr1,GMP.DN,0.106545747,0,6,,,,,,,,,,,,,,,,,,,,
Smarca2,GMP.CD11bGr1,GMP.DN,0.105389159,0,6,,,,,,,,,,,,,,,,,,,,
Rest,GMP.CD11bGr1,GMP.DN,0.089388643,0,6,,,,,,,,,,,,,,,,,,,,
Paxip1,GMP.CD11bGr1,GMP.DN,0.08133944,0,6,,,,,,,,,,,,,,,,,,,,
Ncor2,GMP.CD11bGr1,GMP.DN,0.066652463,0,6,,,,,,,,,,,,,,,,,,,,
Smarcad1,GMP.CD11bGr1,GMP.DN,0.041471634,0,6,,,,,,,,,,,,,,,,,,,,
Ezh1,GMP.CD11bGr1,GMP.DN,0.039845248,0,6,,,,,,,,,,,,,,,,,,,,
Bptf,GMP.CD11bGr1,GMP.DN,0.031557434,0,6,,,,,,,,,,,,,,,,,,,,
Kat8,GMP.CD11bGr1,GMP.DN,0.028567451,0,6,,,,,,,,,,,,,,,,,,,,
Nup153,GMP.CD11bGr1,GMP.DN,-0.010885806,0,6,,,,,,,,,,,,,,,,,,,,
Bcl11b,GMP.CD11bGr1,GMP.DN,-0.041461063,0,6,,,,,,,,,,,,,,,,,,,,
Ncoa6,GMP.CD11bGr1,GMP.DN,-0.174698586,0,6,,,,,,,,,,,,,,,,,,,,
Dpf2,GMP.CD11bGr1,GMP.DN,-0.231559039,0,6,,,,,,,,,,,,,,,,,,,,
Mta3,GMP.CD11bGr1,GMP.DN,-0.237794876,0,6,,,,,,,,,,,,,,,,,,,,
Ash2l,GMP.CD11bGr1,GMP.DN,-0.372922205,0,6,,,,,,,,,,,,,,,,,,,,
Setd1b,GMP.CD11bGr1,GMP.DN,-0.380123229,0,6,,,,,,,,,,,,,,,,,,,,
Hcfc1,GMP.CD11bGr1,GMP.DN,-0.445562488,0,6,,,,,,,,,,,,,,,,,,,,
Nup85,GMP.CD11bGr1,GMP.DN,-0.45951371,0,6,,,,,,,,,,,,,,,,,,,,
Hdac1,GMP.CD11bGr1,GMP.DN,-0.565436183,0,6,,,,,,,,,,,,,,,,,,,,
Hdac2,GMP.CD11bGr1,GMP.DN,-0.570410984,0,6,,,,,,,,,,,,,,,,,,,,
Phf10,GMP.CD11bGr1,GMP.DN,-0.647969304,0,6,,,,,,,,,,,,,,,,,,,,
Ncor1,GMP.CD11bGr1,GMP.DN,-0.676824308,0,6,,,,,,,,,,,,,,,,,,,,
Smarca4,GMP.CD11bGr1,GMP.DN,-1.119330558,0,6,,,,,,,,,,,,,,,,,,,,
Cbx3,GMP.CD11bGr1,GMP.DN,1.105352909,1,4,,,,,,,,,,,,,,,,,,,,
Suv39h2,GMP.CD11bGr1,GMP.DN,1.324111728,0,4,,,,,,,,,,,,,,,,,,,,
Uhrf1,GMP.CD11bGr1,GMP.DN,0.966696395,0,4,,,,,,,,,,,,,,,,,,,,
Ncapd2,GMP.CD11bGr1,GMP.DN,0.966214797,0,4,,,,,,,,,,,,,,,,,,,,
Suv420h1,GMP.CD11bGr1,GMP.DN,0.798900752,0,4,,,,,,,,,,,,,,,,,,,,
Chd2,GMP.CD11bGr1,GMP.DN,0.67096705,0,4,,,,,,,,,,,,,,,,,,,,
Dnmt1,GMP.CD11bGr1,GMP.DN,0.627813982,0,4,,,,,,,,,,,,,,,,,,,,
Hdac7,GMP.CD11bGr1,GMP.DN,0.625549188,0,4,,,,,,,,,,,,,,,,,,,,
Sap30,GMP.CD11bGr1,GMP.DN,0.544009217,0,4,,,,,,,,,,,,,,,,,,,,
Ash1l,GMP.CD11bGr1,GMP.DN,0.506355226,0,4,,,,,,,,,,,,,,,,,,,,
Phf21a,GMP.CD11bGr1,GMP.DN,0.44423146,0,4,,,,,,,,,,,,,,,,,,,,
Prmt7,GMP.CD11bGr1,GMP.DN,0.373728418,0,4,,,,,,,,,,,,,,,,,,,,
Hat1,GMP.CD11bGr1,GMP.DN,0.369887755,0,4,,,,,,,,,,,,,,,,,,,,
Kat2a,GMP.CD11bGr1,GMP.DN,0.360255239,0,4,,,,,,,,,,,,,,,,,,,,
Prmt2,GMP.CD11bGr1,GMP.DN,0.350942777,0,4,,,,,,,,,,,,,,,,,,,,
Sirt3,GMP.CD11bGr1,GMP.DN,0.347751969,0,4,,,,,,,,,,,,,,,,,,,,
Dnmt3a,GMP.CD11bGr1,GMP.DN,0.321341215,0,4,,,,,,,,,,,,,,,,,,,,
Mbd5,GMP.CD11bGr1,GMP.DN,0.268334859,0,4,,,,,,,,,,,,,,,,,,,,
Carm1,GMP.CD11bGr1,GMP.DN,0.265370924,0,4,,,,,,,,,,,,,,,,,,,,
Trim28,GMP.CD11bGr1,GMP.DN,0.231251851,0,4,,,,,,,,,,,,,,,,,,,,
Baz1b,GMP.CD11bGr1,GMP.DN,0.15280266,0,4,,,,,,,,,,,,,,,,,,,,
Prmt6,GMP.CD11bGr1,GMP.DN,0.140750141,0,4,,,,,,,,,,,,,,,,,,,,
Asf1a,GMP.CD11bGr1,GMP.DN,0.135320349,0,4,,,,,,,,,,,,,,,,,,,,
Setdb1,GMP.CD11bGr1,GMP.DN,0.134166102,0,4,,,,,,,,,,,,,,,,,,,,
Cbx5,GMP.CD11bGr1,GMP.DN,0.116342016,0,4,,,,,,,,,,,,,,,,,,,,
Setd7,GMP.CD11bGr1,GMP.DN,0.112841243,0,4,,,,,,,,,,,,,,,,,,,,
Setd8,GMP.CD11bGr1,GMP.DN,0.107954916,0,4,,,,,,,,,,,,,,,,,,,,
Setd4,GMP.CD11bGr1,GMP.DN,0.105524104,0,4,,,,,,,,,,,,,,,,,,,,
Chaf1b,GMP.CD11bGr1,GMP.DN,0.085786604,0,4,,,,,,,,,,,,,,,,,,,,
Cbx6,GMP.CD11bGr1,GMP.DN,0.028438432,0,4,,,,,,,,,,,,,,,,,,,,
Chaf1a,GMP.CD11bGr1,GMP.DN,0.020391867,0,4,,,,,,,,,,,,,,,,,,,,
Cbx4,GMP.CD11bGr1,GMP.DN,0.012921961,0,4,,,,,,,,,,,,,,,,,,,,
Baz1a,GMP.CD11bGr1,GMP.DN,-0.006364014,0,4,,,,,,,,,,,,,,,,,,,,
Mtf2,GMP.CD11bGr1,GMP.DN,-0.038333833,0,4,,,,,,,,,,,,,,,,,,,,
Hmgb3,GMP.CD11bGr1,GMP.DN,-0.080692891,0,4,,,,,,,,,,,,,,,,,,,,
Morf4l2,GMP.CD11bGr1,GMP.DN,-0.080796962,0,4,,,,,,,,,,,,,,,,,,,,
Smyd2,GMP.CD11bGr1,GMP.DN,-0.082955155,0,4,,,,,,,,,,,,,,,,,,,,
Tsfm,GMP.CD11bGr1,GMP.DN,-0.097194863,0,4,,,,,,,,,,,,,,,,,,,,
Gatad2b,GMP.CD11bGr1,GMP.DN,-0.098841946,0,4,,,,,,,,,,,,,,,,,,,,
Hdac10,GMP.CD11bGr1,GMP.DN,-0.139060831,0,4,,,,,,,,,,,,,,,,,,,,
Wbscr27,GMP.CD11bGr1,GMP.DN,-0.139554369,0,4,,,,,,,,,,,,,,,,,,,,
Ncapd3,GMP.CD11bGr1,GMP.DN,-0.145685459,0,4,,,,,,,,,,,,,,,,,,,,
Phc3,GMP.CD11bGr1,GMP.DN,-0.181872837,0,4,,,,,,,,,,,,,,,,,,,,
Mettl13,GMP.CD11bGr1,GMP.DN,-0.192508484,0,4,,,,,,,,,,,,,,,,,,,,
Hmg20a,GMP.CD11bGr1,GMP.DN,-0.240372688,0,4,,,,,,,,,,,,,,,,,,,,
Prmt5,GMP.CD11bGr1,GMP.DN,-0.265465299,0,4,,,,,,,,,,,,,,,,,,,,
Sirt5,GMP.CD11bGr1,GMP.DN,-0.353212751,0,4,,,,,,,,,,,,,,,,,,,,
Cbx2,GMP.CD11bGr1,GMP.DN,-0.366366056,0,4,,,,,,,,,,,,,,,,,,,,
Asf1b,GMP.CD11bGr1,GMP.DN,-0.404043125,0,4,,,,,,,,,,,,,,,,,,,,
Mettl7a1,GMP.CD11bGr1,GMP.DN,-0.422938023,0,4,,,,,,,,,,,,,,,,,,,,
Cbx7,GMP.CD11bGr1,GMP.DN,-0.427697522,0,4,,,,,,,,,,,,,,,,,,,,
Suv39h1,GMP.CD11bGr1,GMP.DN,-0.439897618,0,4,,,,,,,,,,,,,,,,,,,,
Chd7,GMP.CD11bGr1,GMP.DN,-0.446541206,0,4,,,,,,,,,,,,,,,,,,,,
Dnmt3b,GMP.CD11bGr1,GMP.DN,-0.450393538,0,4,,,,,,,,,,,,,,,,,,,,
Hdac9,GMP.CD11bGr1,GMP.DN,-0.479000707,0,4,,,,,,,,,,,,,,,,,,,,
Phf6,GMP.CD11bGr1,GMP.DN,-0.533080576,0,4,,,,,,,,,,,,,,,,,,,,
Hmgn1,GMP.CD11bGr1,GMP.DN,-0.535219663,0,4,,,,,,,,,,,,,,,,,,,,
Sp100,GMP.CD11bGr1,GMP.DN,-0.544578634,0,4,,,,,,,,,,,,,,,,,,,,
Hdac4,GMP.CD11bGr1,GMP.DN,-0.546486325,0,4,,,,,,,,,,,,,,,,,,,,
Tdrd7,GMP.CD11bGr1,GMP.DN,-0.563210158,0,4,,,,,,,,,,,,,,,,,,,,
Mllt6,GMP.CD11bGr1,GMP.DN,-0.580840553,0,4,,,,,,,,,,,,,,,,,,,,
Ehmt2,GMP.CD11bGr1,GMP.DN,-0.585459134,0,4,,,,,,,,,,,,,,,,,,,,
Prmt1,GMP.CD11bGr1,GMP.DN,-0.59985129,0,4,,,,,,,,,,,,,,,,,,,,
Smyd3,GMP.CD11bGr1,GMP.DN,-0.636834671,0,4,,,,,,,,,,,,,,,,,,,,
Shprh,GMP.CD11bGr1,GMP.DN,-0.63940713,0,4,,,,,,,,,,,,,,,,,,,,
Ehmt1,GMP.CD11bGr1,GMP.DN,-0.645171208,0,4,,,,,,,,,,,,,,,,,,,,
Kdm8,GMP.CD11bGr1,GMP.DN,-0.709298969,0,4,,,,,,,,,,,,,,,,,,,,
Phf1,GMP.CD11bGr1,GMP.DN,-0.761779418,0,4,,,,,,,,,,,,,,,,,,,,
Kdm7a,GMP.CD11bGr1,GMP.DN,-0.779030798,0,4,,,,,,,,,,,,,,,,,,,,
Setbp1,GMP.CD11bGr1,GMP.DN,-0.796920438,0,4,,,,,,,,,,,,,,,,,,,,
Sirt7,GMP.CD11bGr1,GMP.DN,-0.829706582,0,4,,,,,,,,,,,,,,,,,,,,
Smc4,GMP.CD11bGr1,GMP.DN,-0.920498242,0,4,,,,,,,,,,,,,,,,,,,,
Nasp,GMP.CD11bGr1,GMP.DN,-1.015757292,0,4,,,,,,,,,,,,,,,,,,,,
Setdb2,GMP.CD11bGr1,GMP.DN,-1.025689233,0,4,,,,,,,,,,,,,,,,,,,,
Kdm3a,GMP.CD11bGr1,GMP.DN,-1.044791378,0,4,,,,,,,,,,,,,,,,,,,,
Chmp2a,GMP.CD11bGr1,GMP.DN,-1.104628478,0,4,,,,,,,,,,,,,,,,,,,,
Smc3,GMP.CD11bGr1,GMP.DN,-1.120201607,0,4,,,,,,,,,,,,,,,,,,,,
Snd1,GMP.CD11bGr1,GMP.DN,-1.15708604,0,4,,,,,,,,,,,,,,,,,,,,
Stag2,GMP.CD11bGr1,GMP.DN,-1.271616034,0,4,,,,,,,,,,,,,,,,,,,,
Setd6,GMP.CD11bGr1,GMP.DN,-1.293963375,0,4,,,,,,,,,,,,,,,,,,,,
Kdm6b,GMP.CD11bGr1,GMP.DN,-1.435833588,0,4,,,,,,,,,,,,,,,,,,,,
Smc2,GMP.CD11bGr1,GMP.DN,-1.449316991,0,4,,,,,,,,,,,,,,,,,,,,
Phf5a,GMP.CD11bGr1,GMP.DN,-2.012627034,0,4,,,,,,,,,,,,,,,,,,,,
Mta1,GMP.CD11bGr1,GMP.DN,1.039471966,0,3,,,,,,,,,,,,,,,,,,,,
Phf11b,GMP.CD11bGr1,GMP.DN,0.773744419,0,3,,,,,,,,,,,,,,,,,,,,
Elk4,GMP.CD11bGr1,GMP.DN,0.571621242,0,3,,,,,,,,,,,,,,,,,,,,
Rcor3,GMP.CD11bGr1,GMP.DN,0.436006283,0,3,,,,,,,,,,,,,,,,,,,,
Atf7ip,GMP.CD11bGr1,GMP.DN,0.382936853,0,3,,,,,,,,,,,,,,,,,,,,
Hoxa7,GMP.CD11bGr1,GMP.DN,0.327104393,0,3,,,,,,,,,,,,,,,,,,,,
Rcor2,GMP.CD11bGr1,GMP.DN,0.303489593,0,3,,,,,,,,,,,,,,,,,,,,
Meis1,GMP.CD11bGr1,GMP.DN,0.2317065,0,3,,,,,,,,,,,,,,,,,,,,
Klf9,GMP.CD11bGr1,GMP.DN,0.204801784,0,3,,,,,,,,,,,,,,,,,,,,
Junb,GMP.CD11bGr1,GMP.DN,0.194592269,0,3,,,,,,,,,,,,,,,,,,,,
Ets2,GMP.CD11bGr1,GMP.DN,0.181922517,0,3,,,,,,,,,,,,,,,,,,,,
Irf9,GMP.CD11bGr1,GMP.DN,0.1467995,0,3,,,,,,,,,,,,,,,,,,,,
Nr1h3,GMP.CD11bGr1,GMP.DN,0.140455701,0,3,,,,,,,,,,,,,,,,,,,,
Rxra,GMP.CD11bGr1,GMP.DN,0.133361254,0,3,,,,,,,,,,,,,,,,,,,,
Elk3,GMP.CD11bGr1,GMP.DN,0.129699363,0,3,,,,,,,,,,,,,,,,,,,,
Arid3b,GMP.CD11bGr1,GMP.DN,0.121968441,0,3,,,,,,,,,,,,,,,,,,,,
Sox12,GMP.CD11bGr1,GMP.DN,0.090232649,0,3,,,,,,,,,,,,,,,,,,,,
Bhlhe40,GMP.CD11bGr1,GMP.DN,0.084862639,0,3,,,,,,,,,,,,,,,,,,,,
Bach1,GMP.CD11bGr1,GMP.DN,0.061555187,0,3,,,,,,,,,,,,,,,,,,,,
Nfic,GMP.CD11bGr1,GMP.DN,0.058456016,0,3,,,,,,,,,,,,,,,,,,,,
Mybl1,GMP.CD11bGr1,GMP.DN,0.05799831,0,3,,,,,,,,,,,,,,,,,,,,
Stat5a,GMP.CD11bGr1,GMP.DN,0.055222559,0,3,,,,,,,,,,,,,,,,,,,,
Klf4,GMP.CD11bGr1,GMP.DN,0.051641875,0,3,,,,,,,,,,,,,,,,,,,,
Ddit3,GMP.CD11bGr1,GMP.DN,0.049012555,0,3,,,,,,,,,,,,,,,,,,,,
Zfp366,GMP.CD11bGr1,GMP.DN,0.038365316,0,3,,,,,,,,,,,,,,,,,,,,
Mycn,GMP.CD11bGr1,GMP.DN,0.037511383,0,3,,,,,,,,,,,,,,,,,,,,
Cited4,GMP.CD11bGr1,GMP.DN,0.02304734,0,3,,,,,,,,,,,,,,,,,,,,
Lmo4,GMP.CD11bGr1,GMP.DN,0.01086131,0,3,,,,,,,,,,,,,,,,,,,,
Atf2,GMP.CD11bGr1,GMP.DN,0.008192629,0,3,,,,,,,,,,,,,,,,,,,,
Stat2,GMP.CD11bGr1,GMP.DN,0.000146744,0,3,,,,,,,,,,,,,,,,,,,,
Jdp2,GMP.CD11bGr1,GMP.DN,-0.009931539,0,3,,,,,,,,,,,,,,,,,,,,
Zfp771,GMP.CD11bGr1,GMP.DN,-0.01019173,0,3,,,,,,,,,,,,,,,,,,,,
Elf1,GMP.CD11bGr1,GMP.DN,-0.019978681,0,3,,,,,,,,,,,,,,,,,,,,
Atf1,GMP.CD11bGr1,GMP.DN,-0.022777505,0,3,,,,,,,,,,,,,,,,,,,,
Vav1,GMP.CD11bGr1,GMP.DN,-0.023798797,0,3,,,,,,,,,,,,,,,,,,,,
Ciita,GMP.CD11bGr1,GMP.DN,-0.023887871,0,3,,,,,,,,,,,,,,,,,,,,
Zfp467,GMP.CD11bGr1,GMP.DN,-0.026517203,0,3,,,,,,,,,,,,,,,,,,,,
Zfp516,GMP.CD11bGr1,GMP.DN,-0.028477676,0,3,,,,,,,,,,,,,,,,,,,,
Nfix,GMP.CD11bGr1,GMP.DN,-0.029332469,0,3,,,,,,,,,,,,,,,,,,,,
Spic,GMP.CD11bGr1,GMP.DN,-0.031017159,0,3,,,,,,,,,,,,,,,,,,,,
Zfp422,GMP.CD11bGr1,GMP.DN,-0.03313103,0,3,,,,,,,,,,,,,,,,,,,,
Zkscan17,GMP.CD11bGr1,GMP.DN,-0.03716376,0,3,,,,,,,,,,,,,,,,,,,,
Atf7,GMP.CD11bGr1,GMP.DN,-0.03797623,0,3,,,,,,,,,,,,,,,,,,,,
Klf2,GMP.CD11bGr1,GMP.DN,-0.041038814,0,3,,,,,,,,,,,,,,,,,,,,
Elf4,GMP.CD11bGr1,GMP.DN,-0.048263072,0,3,,,,,,,,,,,,,,,,,,,,
Irf7,GMP.CD11bGr1,GMP.DN,-0.050464756,0,3,,,,,,,,,,,,,,,,,,,,
Pbx2,GMP.CD11bGr1,GMP.DN,-0.054691124,0,3,,,,,,,,,,,,,,,,,,,,
Atf6b,GMP.CD11bGr1,GMP.DN,-0.057185311,0,3,,,,,,,,,,,,,,,,,,,,
Pbx4,GMP.CD11bGr1,GMP.DN,-0.059024042,0,3,,,,,,,,,,,,,,,,,,,,
Spib,GMP.CD11bGr1,GMP.DN,-0.065605183,0,3,,,,,,,,,,,,,,,,,,,,
Hoxa3,GMP.CD11bGr1,GMP.DN,-0.068938686,0,3,,,,,,,,,,,,,,,,,,,,
Tcf7l2,GMP.CD11bGr1,GMP.DN,-0.069181742,0,3,,,,,,,,,,,,,,,,,,,,
Hlf,GMP.CD11bGr1,GMP.DN,-0.075493965,0,3,,,,,,,,,,,,,,,,,,,,
Egr1,GMP.CD11bGr1,GMP.DN,-0.084781343,0,3,,,,,,,,,,,,,,,,,,,,
Nfil3,GMP.CD11bGr1,GMP.DN,-0.085731249,0,3,,,,,,,,,,,,,,,,,,,,
Nfe2l2,GMP.CD11bGr1,GMP.DN,-0.101542661,0,3,,,,,,,,,,,,,,,,,,,,
Ets1,GMP.CD11bGr1,GMP.DN,-0.104254793,0,3,,,,,,,,,,,,,,,,,,,,
Rora,GMP.CD11bGr1,GMP.DN,-0.10468594,0,3,,,,,,,,,,,,,,,,,,,,
Klf1,GMP.CD11bGr1,GMP.DN,-0.124826258,0,3,,,,,,,,,,,,,,,,,,,,
Irf2,GMP.CD11bGr1,GMP.DN,-0.125850835,0,3,,,,,,,,,,,,,,,,,,,,
Hoxa5,GMP.CD11bGr1,GMP.DN,-0.126709579,0,3,,,,,,,,,,,,,,,,,,,,
Ctbp2,GMP.CD11bGr1,GMP.DN,-0.126799354,0,3,,,,,,,,,,,,,,,,,,,,
Cux1,GMP.CD11bGr1,GMP.DN,-0.133028196,0,3,,,,,,,,,,,,,,,,,,,,
Nfe2l1,GMP.CD11bGr1,GMP.DN,-0.133056878,0,3,,,,,,,,,,,,,,,,,,,,
Trp53,GMP.CD11bGr1,GMP.DN,-0.134668407,0,3,,,,,,,,,,,,,,,,,,,,
Creb3l2,GMP.CD11bGr1,GMP.DN,-0.137768246,0,3,,,,,,,,,,,,,,,,,,,,
Batf3,GMP.CD11bGr1,GMP.DN,-0.138111336,0,3,,,,,,,,,,,,,,,,,,,,
Elf2,GMP.CD11bGr1,GMP.DN,-0.140409516,0,3,,,,,,,,,,,,,,,,,,,,
Sox4,GMP.CD11bGr1,GMP.DN,-0.140714721,0,3,,,,,,,,,,,,,,,,,,,,
Klf10,GMP.CD11bGr1,GMP.DN,-0.142317885,0,3,,,,,,,,,,,,,,,,,,,,
Hes6,GMP.CD11bGr1,GMP.DN,-0.147368582,0,3,,,,,,,,,,,,,,,,,,,,
Gabpa,GMP.CD11bGr1,GMP.DN,-0.147927818,0,3,,,,,,,,,,,,,,,,,,,,
Hoxa9,GMP.CD11bGr1,GMP.DN,-0.155724519,0,3,,,,,,,,,,,,,,,,,,,,
Irf8,GMP.CD11bGr1,GMP.DN,-0.156671156,0,3,,,,,,,,,,,,,,,,,,,,
Irf4,GMP.CD11bGr1,GMP.DN,-0.168973663,0,3,,,,,,,,,,,,,,,,,,,,
Pa2g4,GMP.CD11bGr1,GMP.DN,-0.170902498,0,3,,,,,,,,,,,,,,,,,,,,
Znhit3,GMP.CD11bGr1,GMP.DN,-0.176208064,0,3,,,,,,,,,,,,,,,,,,,,
Bcl6,GMP.CD11bGr1,GMP.DN,-0.177134573,0,3,,,,,,,,,,,,,,,,,,,,
Pbx1,GMP.CD11bGr1,GMP.DN,-0.219419702,0,3,,,,,,,,,,,,,,,,,,,,
Mafb,GMP.CD11bGr1,GMP.DN,-0.222223983,0,3,,,,,,,,,,,,,,,,,,,,
Klf5,GMP.CD11bGr1,GMP.DN,-0.231276198,0,3,,,,,,,,,,,,,,,,,,,,
Trps1,GMP.CD11bGr1,GMP.DN,-0.238344976,0,3,,,,,,,,,,,,,,,,,,,,
Irf1,GMP.CD11bGr1,GMP.DN,-0.238763175,0,3,,,,,,,,,,,,,,,,,,,,
Litaf,GMP.CD11bGr1,GMP.DN,-0.253413345,0,3,,,,,,,,,,,,,,,,,,,,
Arid4b,GMP.CD11bGr1,GMP.DN,-0.255535755,0,3,,,,,,,,,,,,,,,,,,,,
Irf5,GMP.CD11bGr1,GMP.DN,-0.257248778,0,3,,,,,,,,,,,,,,,,,,,,
Atf6,GMP.CD11bGr1,GMP.DN,-0.266997715,0,3,,,,,,,,,,,,,,,,,,,,
Eya2,GMP.CD11bGr1,GMP.DN,-0.275601125,0,3,,,,,,,,,,,,,,,,,,,,
Nfia,GMP.CD11bGr1,GMP.DN,-0.277105788,0,3,,,,,,,,,,,,,,,,,,,,
Arid3a,GMP.CD11bGr1,GMP.DN,-0.279286476,0,3,,,,,,,,,,,,,,,,,,,,
Cited2,GMP.CD11bGr1,GMP.DN,-0.292323677,0,3,,,,,,,,,,,,,,,,,,,,
Cebpg,GMP.CD11bGr1,GMP.DN,-0.293327534,0,3,,,,,,,,,,,,,,,,,,,,
Zfp276,GMP.CD11bGr1,GMP.DN,-0.297005128,0,3,,,,,,,,,,,,,,,,,,,,
Pou2af1,GMP.CD11bGr1,GMP.DN,-0.300026125,0,3,,,,,,,,,,,,,,,,,,,,
Erg,GMP.CD11bGr1,GMP.DN,-0.301765823,0,3,,,,,,,,,,,,,,,,,,,,
Thra,GMP.CD11bGr1,GMP.DN,-0.307708545,0,3,,,,,,,,,,,,,,,,,,,,
Tle2,GMP.CD11bGr1,GMP.DN,-0.31063061,0,3,,,,,,,,,,,,,,,,,,,,
Cebpe,GMP.CD11bGr1,GMP.DN,-0.317152529,0,3,,,,,,,,,,,,,,,,,,,,
Notch2,GMP.CD11bGr1,GMP.DN,-0.322863259,0,3,,,,,,,,,,,,,,,,,,,,
Tcf3,GMP.CD11bGr1,GMP.DN,-0.32731732,0,3,,,,,,,,,,,,,,,,,,,,
Atf4,GMP.CD11bGr1,GMP.DN,-0.345248542,0,3,,,,,,,,,,,,,,,,,,,,
Max,GMP.CD11bGr1,GMP.DN,-0.348372176,0,3,,,,,,,,,,,,,,,,,,,,
Irf3,GMP.CD11bGr1,GMP.DN,-0.351742122,0,3,,,,,,,,,,,,,,,,,,,,
Mybl2,GMP.CD11bGr1,GMP.DN,-0.356503094,0,3,,,,,,,,,,,,,,,,,,,,
Atf5,GMP.CD11bGr1,GMP.DN,-0.361136963,0,3,,,,,,,,,,,,,,,,,,,,
Pou2f2,GMP.CD11bGr1,GMP.DN,-0.387079368,0,3,,,,,,,,,,,,,,,,,,,,
Mafk,GMP.CD11bGr1,GMP.DN,-0.396605789,0,3,,,,,,,,,,,,,,,,,,,,
Nfe2,GMP.CD11bGr1,GMP.DN,-0.398105446,0,3,,,,,,,,,,,,,,,,,,,,
Runx2,GMP.CD11bGr1,GMP.DN,-0.41350797,0,3,,,,,,,,,,,,,,,,,,,,
Lmo1,GMP.CD11bGr1,GMP.DN,-0.432132531,0,3,,,,,,,,,,,,,,,,,,,,
Zfp710,GMP.CD11bGr1,GMP.DN,-0.445340709,0,3,,,,,,,,,,,,,,,,,,,,
Hoxb4,GMP.CD11bGr1,GMP.DN,-0.455697962,0,3,,,,,,,,,,,,,,,,,,,,
Runx3,GMP.CD11bGr1,GMP.DN,-0.465215372,0,3,,,,,,,,,,,,,,,,,,,,
Satb1,GMP.CD11bGr1,GMP.DN,-0.492701377,0,3,,,,,,,,,,,,,,,,,,,,
Dach1,GMP.CD11bGr1,GMP.DN,-0.493870418,0,3,,,,,,,,,,,,,,,,,,,,
Rbpj,GMP.CD11bGr1,GMP.DN,-0.499380318,0,3,,,,,,,,,,,,,,,,,,,,
Tal1,GMP.CD11bGr1,GMP.DN,-0.570115687,0,3,,,,,,,,,,,,,,,,,,,,
Hhex,GMP.CD11bGr1,GMP.DN,-0.585928092,0,3,,,,,,,,,,,,,,,,,,,,
Gfi1,GMP.CD11bGr1,GMP.DN,-0.596922414,0,3,,,,,,,,,,,,,,,,,,,,
Fos,GMP.CD11bGr1,GMP.DN,-0.605687672,0,3,,,,,,,,,,,,,,,,,,,,
Preb,GMP.CD11bGr1,GMP.DN,-0.625307735,0,3,,,,,,,,,,,,,,,,,,,,
Etv6,GMP.CD11bGr1,GMP.DN,-0.667616016,0,3,,,,,,,,,,,,,,,,,,,,
Myc,GMP.CD11bGr1,GMP.DN,-0.725561544,0,3,,,,,,,,,,,,,,,,,,,,
Cebpz,GMP.CD11bGr1,GMP.DN,-0.765027774,0,3,,,,,,,,,,,,,,,,,,,,
Myb,GMP.CD11bGr1,GMP.DN,-0.833413935,0,3,,,,,,,,,,,,,,,,,,,,
Cebpb,GMP.CD11bGr1,GMP.DN,-0.858896313,0,3,,,,,,,,,,,,,,,,,,,,
Runx1,GMP.CD11bGr1,GMP.DN,-1.723348864,0,3,,,,,,,,,,,,,,,,,,,,
Kdm6a,GMP.CD11bGr1,GMP.DN,-1.88859051,0,3,,,,,,,,,,,,,,,,,,,,
Eif3b,GMP.CD11bGr1,GMP.DN,-1.964485721,0,3,,,,,,,,,,,,,,,,,,,,
Eif3d,GMP.CD11bGr1,GMP.DN,-2.751638596,0,3,,,,,,,,,,,,,,,,,,,,
Phf11a,GMP.CD11bGr1,GMP.DN,-0.011197439,0,2,,,,,,,,,,,,,,,,,,,,
Spi1,MEP,LSKd7,2.138086553,6,16,,,,,,,,,,,,,,,,,,,,
Pax5,MEP,LSKd7,0.622507712,2,16,,,,,,,,,,,,,,,,,,,,
Gata2,MEP,LSKd7,-0.020725594,1,16,,,,,,,,,,,,,,,,,,,,
Cebpa,MEP,LSKd7,0.427675704,0,16,,,,,,,,,,,,,,,,,,,,
Ezh2,MEP,LSKd7,1.872241397,3,10,,,,,,,,,,,,,,,,,,,,
Zfpm1,MEP,LSKd7,1.698295739,2,10,,,,,,,,,,,,,,,,,,,,
Gata1,MEP,LSKd7,1.175840915,2,10,,,,,,,,,,,,,,,,,,,,
Mbd2,MEP,LSKd7,1.038399793,2,10,,,,,,,,,,,,,,,,,,,,
Ebf1,MEP,LSKd7,1.101660301,1,10,,,,,,,,,,,,,,,,,,,,
Kmt2d,MEP,LSKd7,7.15967882,6,6,,,,,,,,,,,,,,,,,,,,
Smarcc1,MEP,LSKd7,5.20374234,6,6,,,,,,,,,,,,,,,,,,,,
Hcfc1,MEP,LSKd7,-4.201765729,6,6,,,,,,,,,,,,,,,,,,,,
Chd4,MEP,LSKd7,-5.515795889,6,6,,,,,,,,,,,,,,,,,,,,
Cxxc1,MEP,LSKd7,-5.623470523,6,6,,,,,,,,,,,,,,,,,,,,
Ash2l,MEP,LSKd7,-5.978309112,6,6,,,,,,,,,,,,,,,,,,,,
Rbbp5,MEP,LSKd7,-7.942861683,6,6,,,,,,,,,,,,,,,,,,,,
Ss18,MEP,LSKd7,4.717145068,5,6,,,,,,,,,,,,,,,,,,,,
Dpf2,MEP,LSKd7,3.882174822,5,6,,,,,,,,,,,,,,,,,,,,
Kmt2b,MEP,LSKd7,-2.458743923,5,6,,,,,,,,,,,,,,,,,,,,
Brd9,MEP,LSKd7,-2.888374507,5,6,,,,,,,,,,,,,,,,,,,,
Setd1b,MEP,LSKd7,-3.101439767,5,6,,,,,,,,,,,,,,,,,,,,
Dpy30,MEP,LSKd7,-4.589071228,5,6,,,,,,,,,,,,,,,,,,,,
Smarcd2,MEP,LSKd7,3.756863107,4,6,,,,,,,,,,,,,,,,,,,,
Arid1a,MEP,LSKd7,3.542483613,4,6,,,,,,,,,,,,,,,,,,,,
Rbbp4,MEP,LSKd7,-3.467211657,4,6,,,,,,,,,,,,,,,,,,,,
Hdac3,MEP,LSKd7,-3.935558053,4,6,,,,,,,,,,,,,,,,,,,,
Smarca4,MEP,LSKd7,3.727968194,3,6,,,,,,,,,,,,,,,,,,,,
Ncoa6,MEP,LSKd7,3.412595557,3,6,,,,,,,,,,,,,,,,,,,,
Arid1b,MEP,LSKd7,3.08533876,3,6,,,,,,,,,,,,,,,,,,,,
Pbrm1,MEP,LSKd7,2.521646943,3,6,,,,,,,,,,,,,,,,,,,,
Smarce1,MEP,LSKd7,2.258542631,3,6,,,,,,,,,,,,,,,,,,,,
Kdm5a,MEP,LSKd7,2.086806922,3,6,,,,,,,,,,,,,,,,,,,,
Smarcad1,MEP,LSKd7,1.940060454,3,6,,,,,,,,,,,,,,,,,,,,
Arid2,MEP,LSKd7,1.851495169,3,6,,,,,,,,,,,,,,,,,,,,
Kdm1a,MEP,LSKd7,-2.963257166,3,6,,,,,,,,,,,,,,,,,,,,
Rest,MEP,LSKd7,1.941853059,2,6,,,,,,,,,,,,,,,,,,,,
Smarcb1,MEP,LSKd7,1.571186586,2,6,,,,,,,,,,,,,,,,,,,,
Gltscr1l,MEP,LSKd7,1.428642155,2,6,,,,,,,,,,,,,,,,,,,,
Brd7,MEP,LSKd7,1.349605806,2,6,,,,,,,,,,,,,,,,,,,,
Smarcal1,MEP,LSKd7,1.204865847,2,6,,,,,,,,,,,,,,,,,,,,
Bcl11a,MEP,LSKd7,1.137070895,2,6,,,,,,,,,,,,,,,,,,,,
Paxip1,MEP,LSKd7,-1.56073261,2,6,,,,,,,,,,,,,,,,,,,,
Mbd3,MEP,LSKd7,-1.615488896,2,6,,,,,,,,,,,,,,,,,,,,
Smarcd1,MEP,LSKd7,-1.806134329,2,6,,,,,,,,,,,,,,,,,,,,
Ncor2,MEP,LSKd7,1.572540449,1,6,,,,,,,,,,,,,,,,,,,,
Bcl7a,MEP,LSKd7,1.461206909,1,6,,,,,,,,,,,,,,,,,,,,
Nup133,MEP,LSKd7,1.403185677,1,6,,,,,,,,,,,,,,,,,,,,
Phf10,MEP,LSKd7,1.389827333,1,6,,,,,,,,,,,,,,,,,,,,
Ezh1,MEP,LSKd7,1.368792661,1,6,,,,,,,,,,,,,,,,,,,,
Nup35,MEP,LSKd7,1.281386441,1,6,,,,,,,,,,,,,,,,,,,,
Hdac2,MEP,LSKd7,1.099408401,1,6,,,,,,,,,,,,,,,,,,,,
Kmt2c,MEP,LSKd7,1.035463292,1,6,,,,,,,,,,,,,,,,,,,,
Dpf3,MEP,LSKd7,1.032297955,1,6,,,,,,,,,,,,,,,,,,,,
Smarcc2,MEP,LSKd7,1.001405292,1,6,,,,,,,,,,,,,,,,,,,,
Kmt2e,MEP,LSKd7,0.876869402,1,6,,,,,,,,,,,,,,,,,,,,
Kdm5b,MEP,LSKd7,0.781173051,1,6,,,,,,,,,,,,,,,,,,,,
Kat8,MEP,LSKd7,0.732963524,1,6,,,,,,,,,,,,,,,,,,,,
Smarca2,MEP,LSKd7,0.676352547,1,6,,,,,,,,,,,,,,,,,,,,
Eif3d,MEP,LSKd7,0.589318865,1,6,,,,,,,,,,,,,,,,,,,,
Nup62,MEP,LSKd7,0.568921759,1,6,,,,,,,,,,,,,,,,,,,,
Nupr1,MEP,LSKd7,0.557143788,1,6,,,,,,,,,,,,,,,,,,,,
Nup153,MEP,LSKd7,0.521042452,1,6,,,,,,,,,,,,,,,,,,,,
Mta3,MEP,LSKd7,0.497599541,1,6,,,,,,,,,,,,,,,,,,,,
Kmt2a,MEP,LSKd7,0.068767396,1,6,,,,,,,,,,,,,,,,,,,,
Nup85,MEP,LSKd7,-0.269504754,1,6,,,,,,,,,,,,,,,,,,,,
Wdr5,MEP,LSKd7,-0.798868192,1,6,,,,,,,,,,,,,,,,,,,,
Actl6a,MEP,LSKd7,-1.085801054,1,6,,,,,,,,,,,,,,,,,,,,
Smarca5,MEP,LSKd7,-1.561042415,1,6,,,,,,,,,,,,,,,,,,,,
Bptf,MEP,LSKd7,-1.799438716,1,6,,,,,,,,,,,,,,,,,,,,
Ncor1,MEP,LSKd7,-1.852296581,1,6,,,,,,,,,,,,,,,,,,,,
Bcl11b,MEP,LSKd7,1.085952641,0,6,,,,,,,,,,,,,,,,,,,,
Mta2,MEP,LSKd7,0.737464301,0,6,,,,,,,,,,,,,,,,,,,,
Ss18l1,MEP,LSKd7,0.703082652,0,6,,,,,,,,,,,,,,,,,,,,
Rbbp7,MEP,LSKd7,0.685099497,0,6,,,,,,,,,,,,,,,,,,,,
Tbl1xr1,MEP,LSKd7,0.594916276,0,6,,,,,,,,,,,,,,,,,,,,
Nup43,MEP,LSKd7,0.564352955,0,6,,,,,,,,,,,,,,,,,,,,
Eif3b,MEP,LSKd7,0.556995575,0,6,,,,,,,,,,,,,,,,,,,,
Trp53,MEP,LSKd7,0.513408654,0,6,,,,,,,,,,,,,,,,,,,,
Chd3,MEP,LSKd7,0.381691429,0,6,,,,,,,,,,,,,,,,,,,,
Bcl7b,MEP,LSKd7,0.378157421,0,6,,,,,,,,,,,,,,,,,,,,
Hdac1,MEP,LSKd7,0.001076303,0,6,,,,,,,,,,,,,,,,,,,,
Nup50,MEP,LSKd7,-0.11465675,0,6,,,,,,,,,,,,,,,,,,,,
Tbl1x,MEP,LSKd7,-0.208019085,0,6,,,,,,,,,,,,,,,,,,,,
Rcor1,MEP,LSKd7,-0.249229832,0,6,,,,,,,,,,,,,,,,,,,,
Prmt10,MEP,LSKd7,-0.270126705,0,6,,,,,,,,,,,,,,,,,,,,
Wdr82,MEP,LSKd7,-0.275295659,0,6,,,,,,,,,,,,,,,,,,,,
Gltscr1,MEP,LSKd7,-0.356527982,0,6,,,,,,,,,,,,,,,,,,,,
Maml3,MEP,LSKd7,-0.648116941,0,6,,,,,,,,,,,,,,,,,,,,
Pagr1a,MEP,LSKd7,-0.700347231,0,6,,,,,,,,,,,,,,,,,,,,
Men1,MEP,LSKd7,-1.0900393,0,6,,,,,,,,,,,,,,,,,,,,
Setd1a,MEP,LSKd7,-1.709833153,0,6,,,,,,,,,,,,,,,,,,,,
Prmt1,MEP,LSKd7,-4.728701486,4,4,,,,,,,,,,,,,,,,,,,,
Mtf2,MEP,LSKd7,3.656047234,3,4,,,,,,,,,,,,,,,,,,,,
Smc2,MEP,LSKd7,3.53841513,3,4,,,,,,,,,,,,,,,,,,,,
Stag2,MEP,LSKd7,-3.672208,3,4,,,,,,,,,,,,,,,,,,,,
Cbx7,MEP,LSKd7,2.906809943,2,4,,,,,,,,,,,,,,,,,,,,
Phc3,MEP,LSKd7,2.33370667,2,4,,,,,,,,,,,,,,,,,,,,
Uhrf1,MEP,LSKd7,2.276637254,2,4,,,,,,,,,,,,,,,,,,,,
Chmp2a,MEP,LSKd7,2.05329337,2,4,,,,,,,,,,,,,,,,,,,,
Hdac4,MEP,LSKd7,2.039557061,2,4,,,,,,,,,,,,,,,,,,,,
Kdm7a,MEP,LSKd7,1.769127071,2,4,,,,,,,,,,,,,,,,,,,,
Carm1,MEP,LSKd7,-2.595145073,2,4,,,,,,,,,,,,,,,,,,,,
Ehmt2,MEP,LSKd7,-2.89760513,2,4,,,,,,,,,,,,,,,,,,,,
Ehmt1,MEP,LSKd7,-3.832465542,2,4,,,,,,,,,,,,,,,,,,,,
Sap30,MEP,LSKd7,2.562393597,1,4,,,,,,,,,,,,,,,,,,,,
Sp100,MEP,LSKd7,2.212157284,1,4,,,,,,,,,,,,,,,,,,,,
Hdac7,MEP,LSKd7,2.017026102,1,4,,,,,,,,,,,,,,,,,,,,
Ash1l,MEP,LSKd7,2.002597732,1,4,,,,,,,,,,,,,,,,,,,,
Hmgb3,MEP,LSKd7,1.995923428,1,4,,,,,,,,,,,,,,,,,,,,
Cbx5,MEP,LSKd7,1.876536995,1,4,,,,,,,,,,,,,,,,,,,,
Kdm3a,MEP,LSKd7,1.558215746,1,4,,,,,,,,,,,,,,,,,,,,
Dnmt1,MEP,LSKd7,1.531140226,1,4,,,,,,,,,,,,,,,,,,,,
Prmt2,MEP,LSKd7,1.527343393,1,4,,,,,,,,,,,,,,,,,,,,
Hdac9,MEP,LSKd7,1.291855162,1,4,,,,,,,,,,,,,,,,,,,,
Cbx4,MEP,LSKd7,1.21656662,1,4,,,,,,,,,,,,,,,,,,,,
Suv39h1,MEP,LSKd7,1.141554554,1,4,,,,,,,,,,,,,,,,,,,,
Ncapd2,MEP,LSKd7,1.117248173,1,4,,,,,,,,,,,,,,,,,,,,
Setd7,MEP,LSKd7,1.117101609,1,4,,,,,,,,,,,,,,,,,,,,
Smyd2,MEP,LSKd7,0.997248903,1,4,,,,,,,,,,,,,,,,,,,,
Kdm6b,MEP,LSKd7,0.906890774,1,4,,,,,,,,,,,,,,,,,,,,
Asf1a,MEP,LSKd7,0.661631218,1,4,,,,,,,,,,,,,,,,,,,,
Ncapd3,MEP,LSKd7,0.366499333,1,4,,,,,,,,,,,,,,,,,,,,
Smyd3,MEP,LSKd7,-0.175772629,1,4,,,,,,,,,,,,,,,,,,,,
Smc3,MEP,LSKd7,-1.333934703,1,4,,,,,,,,,,,,,,,,,,,,
Setdb1,MEP,LSKd7,-1.52885767,1,4,,,,,,,,,,,,,,,,,,,,
Dnmt3a,MEP,LSKd7,2.038204959,0,4,,,,,,,,,,,,,,,,,,,,
Mllt6,MEP,LSKd7,1.834843093,0,4,,,,,,,,,,,,,,,,,,,,
Phf6,MEP,LSKd7,1.664393588,0,4,,,,,,,,,,,,,,,,,,,,
Prmt7,MEP,LSKd7,1.581126529,0,4,,,,,,,,,,,,,,,,,,,,
Prdm16,MEP,LSKd7,1.491281575,0,4,,,,,,,,,,,,,,,,,,,,
Nasp,MEP,LSKd7,1.399025815,0,4,,,,,,,,,,,,,,,,,,,,
Shprh,MEP,LSKd7,1.361861774,0,4,,,,,,,,,,,,,,,,,,,,
Phf1,MEP,LSKd7,1.318936259,0,4,,,,,,,,,,,,,,,,,,,,
Hat1,MEP,LSKd7,1.290744132,0,4,,,,,,,,,,,,,,,,,,,,
Tsfm,MEP,LSKd7,1.286340744,0,4,,,,,,,,,,,,,,,,,,,,
Mbd5,MEP,LSKd7,1.247992067,0,4,,,,,,,,,,,,,,,,,,,,
Sirt7,MEP,LSKd7,1.194201814,0,4,,,,,,,,,,,,,,,,,,,,
Cbx6,MEP,LSKd7,1.165545945,0,4,,,,,,,,,,,,,,,,,,,,
Morf4l2,MEP,LSKd7,1.120440264,0,4,,,,,,,,,,,,,,,,,,,,
Tdrd7,MEP,LSKd7,0.991311527,0,4,,,,,,,,,,,,,,,,,,,,
Hmgn1,MEP,LSKd7,0.98402896,0,4,,,,,,,,,,,,,,,,,,,,
Setd6,MEP,LSKd7,0.982596736,0,4,,,,,,,,,,,,,,,,,,,,
Setdb2,MEP,LSKd7,0.887799944,0,4,,,,,,,,,,,,,,,,,,,,
Cbx2,MEP,LSKd7,0.881689121,0,4,,,,,,,,,,,,,,,,,,,,
Setd8,MEP,LSKd7,0.862194698,0,4,,,,,,,,,,,,,,,,,,,,
Prmt5,MEP,LSKd7,0.839102019,0,4,,,,,,,,,,,,,,,,,,,,
Phf5a,MEP,LSKd7,0.805424368,0,4,,,,,,,,,,,,,,,,,,,,
Chd7,MEP,LSKd7,0.798747958,0,4,,,,,,,,,,,,,,,,,,,,
Snd1,MEP,LSKd7,0.761140243,0,4,,,,,,,,,,,,,,,,,,,,
Smc4,MEP,LSKd7,0.670744507,0,4,,,,,,,,,,,,,,,,,,,,
Dnmt3b,MEP,LSKd7,0.634147915,0,4,,,,,,,,,,,,,,,,,,,,
Suv39h2,MEP,LSKd7,0.600667131,0,4,,,,,,,,,,,,,,,,,,,,
Sirt3,MEP,LSKd7,0.5466071,0,4,,,,,,,,,,,,,,,,,,,,
Suv420h1,MEP,LSKd7,0.526339047,0,4,,,,,,,,,,,,,,,,,,,,
Prmt6,MEP,LSKd7,0.473339377,0,4,,,,,,,,,,,,,,,,,,,,
Kdm8,MEP,LSKd7,0.446715575,0,4,,,,,,,,,,,,,,,,,,,,
Gatad2b,MEP,LSKd7,0.444583198,0,4,,,,,,,,,,,,,,,,,,,,
Hdac10,MEP,LSKd7,0.439978913,0,4,,,,,,,,,,,,,,,,,,,,
Setbp1,MEP,LSKd7,0.341638001,0,4,,,,,,,,,,,,,,,,,,,,
Rai1,MEP,LSKd7,0.305195428,0,4,,,,,,,,,,,,,,,,,,,,
Setd4,MEP,LSKd7,0.292521448,0,4,,,,,,,,,,,,,,,,,,,,
Sirt5,MEP,LSKd7,0.290810521,0,4,,,,,,,,,,,,,,,,,,,,
Wbscr27,MEP,LSKd7,0.202405071,0,4,,,,,,,,,,,,,,,,,,,,
Cbx3,MEP,LSKd7,0.154882589,0,4,,,,,,,,,,,,,,,,,,,,
Hmg20a,MEP,LSKd7,0.033740028,0,4,,,,,,,,,,,,,,,,,,,,
Baz1b,MEP,LSKd7,0.012701719,0,4,,,,,,,,,,,,,,,,,,,,
Mettl7a1,MEP,LSKd7,-0.054123344,0,4,,,,,,,,,,,,,,,,,,,,
Phf21a,MEP,LSKd7,-0.107658119,0,4,,,,,,,,,,,,,,,,,,,,
Baz1a,MEP,LSKd7,-0.346710655,0,4,,,,,,,,,,,,,,,,,,,,
Mettl13,MEP,LSKd7,-0.499088031,0,4,,,,,,,,,,,,,,,,,,,,
Chaf1a,MEP,LSKd7,-0.539943962,0,4,,,,,,,,,,,,,,,,,,,,
Trim28,MEP,LSKd7,-0.639883949,0,4,,,,,,,,,,,,,,,,,,,,
Asf1b,MEP,LSKd7,-0.712577208,0,4,,,,,,,,,,,,,,,,,,,,
Kat2a,MEP,LSKd7,-0.725524936,0,4,,,,,,,,,,,,,,,,,,,,
Chd2,MEP,LSKd7,-0.979951659,0,4,,,,,,,,,,,,,,,,,,,,
Chaf1b,MEP,LSKd7,-2.121779859,0,4,,,,,,,,,,,,,,,,,,,,
Sp1,MEP,LSKd7,4.877445154,3,3,,,,,,,,,,,,,,,,,,,,
Kdm6a,MEP,LSKd7,4.442985949,3,3,,,,,,,,,,,,,,,,,,,,
Nfrkb,MEP,LSKd7,4.254268628,3,3,,,,,,,,,,,,,,,,,,,,
Cstf1,MEP,LSKd7,3.488009975,3,3,,,,,,,,,,,,,,,,,,,,
Tada1,MEP,LSKd7,-3.018647538,3,3,,,,,,,,,,,,,,,,,,,,
Chd1,MEP,LSKd7,-4.148062499,3,3,,,,,,,,,,,,,,,,,,,,
Pds5a,MEP,LSKd7,-4.407786133,3,3,,,,,,,,,,,,,,,,,,,,
Yeats4,MEP,LSKd7,-4.491184103,3,3,,,,,,,,,,,,,,,,,,,,
Ptpn2,MEP,LSKd7,-4.879183297,3,3,,,,,,,,,,,,,,,,,,,,
Ctcf,MEP,LSKd7,-5.333570824,3,3,,,,,,,,,,,,,,,,,,,,
Crebbp,MEP,LSKd7,3.482765109,2,3,,,,,,,,,,,,,,,,,,,,
Gse1,MEP,LSKd7,2.681792252,2,3,,,,,,,,,,,,,,,,,,,,
Phb2,MEP,LSKd7,1.666374741,2,3,,,,,,,,,,,,,,,,,,,,
Rad51,MEP,LSKd7,-1.895154035,2,3,,,,,,,,,,,,,,,,,,,,
Tada2b,MEP,LSKd7,-2.096985804,2,3,,,,,,,,,,,,,,,,,,,,
Tonsl,MEP,LSKd7,-2.500573374,2,3,,,,,,,,,,,,,,,,,,,,
Med31,MEP,LSKd7,-2.942850591,2,3,,,,,,,,,,,,,,,,,,,,
Ddb1,MEP,LSKd7,-3.019099032,2,3,,,,,,,,,,,,,,,,,,,,
Exosc2,MEP,LSKd7,-3.221744791,2,3,,,,,,,,,,,,,,,,,,,,
Dot1l,MEP,LSKd7,-3.44817868,2,3,,,,,,,,,,,,,,,,,,,,
Kat5,MEP,LSKd7,-3.506305589,2,3,,,,,,,,,,,,,,,,,,,,
Znhit1,MEP,LSKd7,-3.534647628,2,3,,,,,,,,,,,,,,,,,,,,
Med20,MEP,LSKd7,-3.599770243,2,3,,,,,,,,,,,,,,,,,,,,
Zfp217,MEP,LSKd7,-3.68864793,2,3,,,,,,,,,,,,,,,,,,,,
Zmynd8,MEP,LSKd7,-3.761040681,2,3,,,,,,,,,,,,,,,,,,,,
Ccdc101,MEP,LSKd7,-3.772115396,2,3,,,,,,,,,,,,,,,,,,,,
Actr6,MEP,LSKd7,-4.048944837,2,3,,,,,,,,,,,,,,,,,,,,
Zfp592,MEP,LSKd7,-4.146161354,2,3,,,,,,,,,,,,,,,,,,,,
Brd4,MEP,LSKd7,3.3031333,1,3,,,,,,,,,,,,,,,,,,,,
Mga,MEP,LSKd7,3.048948496,1,3,,,,,,,,,,,,,,,,,,,,
Yy1,MEP,LSKd7,3.024184881,1,3,,,,,,,,,,,,,,,,,,,,
L3mbtl3,MEP,LSKd7,3.009083503,1,3,,,,,,,,,,,,,,,,,,,,
Arid4a,MEP,LSKd7,2.641751661,1,3,,,,,,,,,,,,,,,,,,,,
Usp11,MEP,LSKd7,2.392058179,1,3,,,,,,,,,,,,,,,,,,,,
Actr8,MEP,LSKd7,2.373310948,1,3,,,,,,,,,,,,,,,,,,,,
Prkag2,MEP,LSKd7,2.059243953,1,3,,,,,,,,,,,,,,,,,,,,
Kdm5c,MEP,LSKd7,2.058011869,1,3,,,,,,,,,,,,,,,,,,,,
Ep300,MEP,LSKd7,1.900711652,1,3,,,,,,,,,,,,,,,,,,,,
Sin3a,MEP,LSKd7,1.732373748,1,3,,,,,,,,,,,,,,,,,,,,
Cul4b,MEP,LSKd7,1.651805936,1,3,,,,,,,,,,,,,,,,,,,,
Kdm2b,MEP,LSKd7,1.58304234,1,3,,,,,,,,,,,,,,,,,,,,
Ncaph,MEP,LSKd7,1.478023524,1,3,,,,,,,,,,,,,,,,,,,,
Msl3,MEP,LSKd7,1.468669635,1,3,,,,,,,,,,,,,,,,,,,,
Ncl,MEP,LSKd7,1.42052097,1,3,,,,,,,,,,,,,,,,,,,,
Mettl3,MEP,LSKd7,1.350070697,1,3,,,,,,,,,,,,,,,,,,,,
Hira,MEP,LSKd7,1.313601583,1,3,,,,,,,,,,,,,,,,,,,,
Psmc3,MEP,LSKd7,1.196344826,1,3,,,,,,,,,,,,,,,,,,,,
Dhx8,MEP,LSKd7,1.096993811,1,3,,,,,,,,,,,,,,,,,,,,
Ythdc1,MEP,LSKd7,0.986730176,1,3,,,,,,,,,,,,,,,,,,,,
Pias3,MEP,LSKd7,0.957788292,1,3,,,,,,,,,,,,,,,,,,,,
Kat2b,MEP,LSKd7,0.870602927,1,3,,,,,,,,,,,,,,,,,,,,
Cdc73,MEP,LSKd7,0.691327924,1,3,,,,,,,,,,,,,,,,,,,,
Purb,MEP,LSKd7,0.524203837,1,3,,,,,,,,,,,,,,,,,,,,
Phf11b,MEP,LSKd7,0.356221447,1,3,,,,,,,,,,,,,,,,,,,,
Kat7,MEP,LSKd7,0.101944853,1,3,,,,,,,,,,,,,,,,,,,,
Sp140,MEP,LSKd7,0.071819734,1,3,,,,,,,,,,,,,,,,,,,,
Supt16,MEP,LSKd7,0.045735865,1,3,,,,,,,,,,,,,,,,,,,,
Mbtps1,MEP,LSKd7,-0.311021128,1,3,,,,,,,,,,,,,,,,,,,,
Ssrp1,MEP,LSKd7,-0.484969391,1,3,,,,,,,,,,,,,,,,,,,,
Nudt21,MEP,LSKd7,-0.595167657,1,3,,,,,,,,,,,,,,,,,,,,
Top2a,MEP,LSKd7,-0.847988945,1,3,,,,,,,,,,,,,,,,,,,,
Tex10,MEP,LSKd7,-0.925944545,1,3,,,,,,,,,,,,,,,,,,,,
Nabp1,MEP,LSKd7,-1.034745132,1,3,,,,,,,,,,,,,,,,,,,,
Rcor3,MEP,LSKd7,-1.182613596,1,3,,,,,,,,,,,,,,,,,,,,
Sf3b3,MEP,LSKd7,-1.202145911,1,3,,,,,,,,,,,,,,,,,,,,
Mllt10,MEP,LSKd7,-1.268371391,1,3,,,,,,,,,,,,,,,,,,,,
Asxl2,MEP,LSKd7,-1.313294976,1,3,,,,,,,,,,,,,,,,,,,,
Mta1,MEP,LSKd7,-1.380205707,1,3,,,,,,,,,,,,,,,,,,,,
Gltscr2,MEP,LSKd7,-1.439360991,1,3,,,,,,,,,,,,,,,,,,,,
Atm,MEP,LSKd7,-1.620471161,1,3,,,,,,,,,,,,,,,,,,,,
Ncapg,MEP,LSKd7,-1.659242446,1,3,,,,,,,,,,,,,,,,,,,,
Rrp8,MEP,LSKd7,-1.659353779,1,3,,,,,,,,,,,,,,,,,,,,
Sap30bp,MEP,LSKd7,-1.823260739,1,3,,,,,,,,,,,,,,,,,,,,
Gtf2h4,MEP,LSKd7,-1.829408388,1,3,,,,,,,,,,,,,,,,,,,,
Pmf1,MEP,LSKd7,-1.842592555,1,3,,,,,,,,,,,,,,,,,,,,
Phf8,MEP,LSKd7,-1.873968978,1,3,,,,,,,,,,,,,,,,,,,,
Med14,MEP,LSKd7,-1.905962774,1,3,,,,,,,,,,,,,,,,,,,,
Kat6a,MEP,LSKd7,-2.036115871,1,3,,,,,,,,,,,,,,,,,,,,
Rnf20,MEP,LSKd7,-2.073378729,1,3,,,,,,,,,,,,,,,,,,,,
Phip,MEP,LSKd7,-2.128943616,1,3,,,,,,,,,,,,,,,,,,,,
Npm1,MEP,LSKd7,-2.160983428,1,3,,,,,,,,,,,,,,,,,,,,
Atr,MEP,LSKd7,-2.196201489,1,3,,,,,,,,,,,,,,,,,,,,
Eif4a3,MEP,LSKd7,-2.204686863,1,3,,,,,,,,,,,,,,,,,,,,
Med17,MEP,LSKd7,-2.249216864,1,3,,,,,,,,,,,,,,,,,,,,
Chd8,MEP,LSKd7,-2.412170061,1,3,,,,,,,,,,,,,,,,,,,,
H3f3a,MEP,LSKd7,-2.534387545,1,3,,,,,,,,,,,,,,,,,,,,
Kansl1,MEP,LSKd7,-2.543716807,1,3,,,,,,,,,,,,,,,,,,,,
Med8,MEP,LSKd7,-2.615638383,1,3,,,,,,,,,,,,,,,,,,,,
Med21,MEP,LSKd7,-2.691990736,1,3,,,,,,,,,,,,,,,,,,,,
Med11,MEP,LSKd7,-2.704444776,1,3,,,,,,,,,,,,,,,,,,,,
Rad21,MEP,LSKd7,-2.801802696,1,3,,,,,,,,,,,,,,,,,,,,
Srcap,MEP,LSKd7,-3.018586213,1,3,,,,,,,,,,,,,,,,,,,,
Trrap,MEP,LSKd7,-3.46215515,1,3,,,,,,,,,,,,,,,,,,,,
Bcor,MEP,LSKd7,2.593570944,0,3,,,,,,,,,,,,,,,,,,,,
Ino80e,MEP,LSKd7,2.187427914,0,3,,,,,,,,,,,,,,,,,,,,
Sap130,MEP,LSKd7,2.057097347,0,3,,,,,,,,,,,,,,,,,,,,
Naca,MEP,LSKd7,1.931412557,0,3,,,,,,,,,,,,,,,,,,,,
Zmym3,MEP,LSKd7,1.921134127,0,3,,,,,,,,,,,,,,,,,,,,
Tfpt,MEP,LSKd7,1.917581336,0,3,,,,,,,,,,,,,,,,,,,,
Rnf2,MEP,LSKd7,1.812541254,0,3,,,,,,,,,,,,,,,,,,,,
Sfmbt1,MEP,LSKd7,1.792777146,0,3,,,,,,,,,,,,,,,,,,,,
Jade2,MEP,LSKd7,1.753759013,0,3,,,,,,,,,,,,,,,,,,,,
Ldb1,MEP,LSKd7,1.690113336,0,3,,,,,,,,,,,,,,,,,,,,
Ing1,MEP,LSKd7,1.668861611,0,3,,,,,,,,,,,,,,,,,,,,
Ncoa2,MEP,LSKd7,1.645921883,0,3,,,,,,,,,,,,,,,,,,,,
Phf14,MEP,LSKd7,1.620882712,0,3,,,,,,,,,,,,,,,,,,,,
Rybp,MEP,LSKd7,1.615795345,0,3,,,,,,,,,,,,,,,,,,,,
Arid5b,MEP,LSKd7,1.601831822,0,3,,,,,,,,,,,,,,,,,,,,
Jarid2,MEP,LSKd7,1.578363489,0,3,,,,,,,,,,,,,,,,,,,,
Vdr,MEP,LSKd7,1.524843019,0,3,,,,,,,,,,,,,,,,,,,,
Suz12,MEP,LSKd7,1.51880109,0,3,,,,,,,,,,,,,,,,,,,,
Mecom,MEP,LSKd7,1.509137642,0,3,,,,,,,,,,,,,,,,,,,,
Hmgb2,MEP,LSKd7,1.490753974,0,3,,,,,,,,,,,,,,,,,,,,
Gadd45b,MEP,LSKd7,1.470709123,0,3,,,,,,,,,,,,,,,,,,,,
Mettl5,MEP,LSKd7,1.424881792,0,3,,,,,,,,,,,,,,,,,,,,
Esco1,MEP,LSKd7,1.414762032,0,3,,,,,,,,,,,,,,,,,,,,
Eya1,MEP,LSKd7,1.392943714,0,3,,,,,,,,,,,,,,,,,,,,
Anp32b,MEP,LSKd7,1.383437862,0,3,,,,,,,,,,,,,,,,,,,,
Jmjd1c,MEP,LSKd7,1.381514128,0,3,,,,,,,,,,,,,,,,,,,,
L3mbtl2,MEP,LSKd7,1.299952414,0,3,,,,,,,,,,,,,,,,,,,,
Mecp2,MEP,LSKd7,1.277559769,0,3,,,,,,,,,,,,,,,,,,,,
Ube2e1,MEP,LSKd7,1.256713398,0,3,,,,,,,,,,,,,,,,,,,,
Uchl5,MEP,LSKd7,1.246732654,0,3,,,,,,,,,,,,,,,,,,,,
Ddx23,MEP,LSKd7,1.224637226,0,3,,,,,,,,,,,,,,,,,,,,
Hmgxb3,MEP,LSKd7,1.224348786,0,3,,,,,,,,,,,,,,,,,,,,
Pprc1,MEP,LSKd7,1.209657796,0,3,,,,,,,,,,,,,,,,,,,,
Tle4,MEP,LSKd7,1.204301059,0,3,,,,,,,,,,,,,,,,,,,,
Actr5,MEP,LSKd7,1.202373389,0,3,,,,,,,,,,,,,,,,,,,,
Nek6,MEP,LSKd7,1.184701017,0,3,,,,,,,,,,,,,,,,,,,,
Elp5,MEP,LSKd7,1.181044984,0,3,,,,,,,,,,,,,,,,,,,,
Ncaph2,MEP,LSKd7,1.179071744,0,3,,,,,,,,,,,,,,,,,,,,
Prkab1,MEP,LSKd7,1.160597361,0,3,,,,,,,,,,,,,,,,,,,,
Brwd3,MEP,LSKd7,1.152195072,0,3,,,,,,,,,,,,,,,,,,,,
Usp21,MEP,LSKd7,1.137100465,0,3,,,,,,,,,,,,,,,,,,,,
Ctbp1,MEP,LSKd7,1.136861314,0,3,,,,,,,,,,,,,,,,,,,,
Msl3l2,MEP,LSKd7,1.136298567,0,3,,,,,,,,,,,,,,,,,,,,
Atn1,MEP,LSKd7,1.132213437,0,3,,,,,,,,,,,,,,,,,,,,
Nmi,MEP,LSKd7,1.082865634,0,3,,,,,,,,,,,,,,,,,,,,
Nipbl,MEP,LSKd7,1.076617723,0,3,,,,,,,,,,,,,,,,,,,,
Ino80,MEP,LSKd7,1.066285229,0,3,,,,,,,,,,,,,,,,,,,,
Chuk,MEP,LSKd7,1.047228853,0,3,,,,,,,,,,,,,,,,,,,,
Eid1,MEP,LSKd7,1.040467614,0,3,,,,,,,,,,,,,,,,,,,,
Usp12,MEP,LSKd7,1.033679144,0,3,,,,,,,,,,,,,,,,,,,,
Pygo2,MEP,LSKd7,1.028853429,0,3,,,,,,,,,,,,,,,,,,,,
Ing2,MEP,LSKd7,1.016245745,0,3,,,,,,,,,,,,,,,,,,,,
H2afy,MEP,LSKd7,1.003292814,0,3,,,,,,,,,,,,,,,,,,,,
Ubn1,MEP,LSKd7,0.997086117,0,3,,,,,,,,,,,,,,,,,,,,
Anp32a,MEP,LSKd7,0.994160883,0,3,,,,,,,,,,,,,,,,,,,,
Maml2,MEP,LSKd7,0.958835331,0,3,,,,,,,,,,,,,,,,,,,,
Foxp2,MEP,LSKd7,0.954168184,0,3,,,,,,,,,,,,,,,,,,,,
Prdm2,MEP,LSKd7,0.951179607,0,3,,,,,,,,,,,,,,,,,,,,
Set,MEP,LSKd7,0.950796429,0,3,,,,,,,,,,,,,,,,,,,,
Nono,MEP,LSKd7,0.949716011,0,3,,,,,,,,,,,,,,,,,,,,
Ppargc1b,MEP,LSKd7,0.937062717,0,3,,,,,,,,,,,,,,,,,,,,
Ncoa7,MEP,LSKd7,0.918169127,0,3,,,,,,,,,,,,,,,,,,,,
Per2,MEP,LSKd7,0.89774205,0,3,,,,,,,,,,,,,,,,,,,,
Mettl14,MEP,LSKd7,0.893008561,0,3,,,,,,,,,,,,,,,,,,,,
Per3,MEP,LSKd7,0.888900768,0,3,,,,,,,,,,,,,,,,,,,,
Mdm4,MEP,LSKd7,0.888226959,0,3,,,,,,,,,,,,,,,,,,,,
Atad2b,MEP,LSKd7,0.877178059,0,3,,,,,,,,,,,,,,,,,,,,
Med25,MEP,LSKd7,0.85850966,0,3,,,,,,,,,,,,,,,,,,,,
Sirt1,MEP,LSKd7,0.853760413,0,3,,,,,,,,,,,,,,,,,,,,
Prkca,MEP,LSKd7,0.825289187,0,3,,,,,,,,,,,,,,,,,,,,
Ddx27,MEP,LSKd7,0.784275723,0,3,,,,,,,,,,,,,,,,,,,,
Eya4,MEP,LSKd7,0.766360474,0,3,,,,,,,,,,,,,,,,,,,,
Hdgf,MEP,LSKd7,0.764711798,0,3,,,,,,,,,,,,,,,,,,,,
Wsb2,MEP,LSKd7,0.756550244,0,3,,,,,,,,,,,,,,,,,,,,
Dzip3,MEP,LSKd7,0.745919945,0,3,,,,,,,,,,,,,,,,,,,,
Tyw5,MEP,LSKd7,0.744651419,0,3,,,,,,,,,,,,,,,,,,,,
Pnrc2,MEP,LSKd7,0.744470427,0,3,,,,,,,,,,,,,,,,,,,,
Prkab2,MEP,LSKd7,0.734798757,0,3,,,,,,,,,,,,,,,,,,,,
Ring1,MEP,LSKd7,0.734434087,0,3,,,,,,,,,,,,,,,,,,,,
Med23,MEP,LSKd7,0.71663182,0,3,,,,,,,,,,,,,,,,,,,,
Stk4,MEP,LSKd7,0.698944505,0,3,,,,,,,,,,,,,,,,,,,,
Ncoa1,MEP,LSKd7,0.690078066,0,3,,,,,,,,,,,,,,,,,,,,
Senp3,MEP,LSKd7,0.685958124,0,3,,,,,,,,,,,,,,,,,,,,
Padi4,MEP,LSKd7,0.682831589,0,3,,,,,,,,,,,,,,,,,,,,
Tet1,MEP,LSKd7,0.682362591,0,3,,,,,,,,,,,,,,,,,,,,
Hdac6,MEP,LSKd7,0.681210617,0,3,,,,,,,,,,,,,,,,,,,,
Ctbp2,MEP,LSKd7,0.678541689,0,3,,,,,,,,,,,,,,,,,,,,
Mbtd1,MEP,LSKd7,0.673305476,0,3,,,,,,,,,,,,,,,,,,,,
Nap1l1,MEP,LSKd7,0.669657544,0,3,,,,,,,,,,,,,,,,,,,,
Uty,MEP,LSKd7,0.654077838,0,3,,,,,,,,,,,,,,,,,,,,
Yaf2,MEP,LSKd7,0.651055492,0,3,,,,,,,,,,,,,,,,,,,,
Jmjd4,MEP,LSKd7,0.650826181,0,3,,,,,,,,,,,,,,,,,,,,
Maz,MEP,LSKd7,0.650564342,0,3,,,,,,,,,,,,,,,,,,,,
Dido1,MEP,LSKd7,0.647962583,0,3,,,,,,,,,,,,,,,,,,,,
Sirt2,MEP,LSKd7,0.647620317,0,3,,,,,,,,,,,,,,,,,,,,
Rb1,MEP,LSKd7,0.635425246,0,3,,,,,,,,,,,,,,,,,,,,
Ddx51,MEP,LSKd7,0.634997425,0,3,,,,,,,,,,,,,,,,,,,,
Phc1,MEP,LSKd7,0.613902208,0,3,,,,,,,,,,,,,,,,,,,,
Pbk,MEP,LSKd7,0.6134439,0,3,,,,,,,,,,,,,,,,,,,,
Phf7,MEP,LSKd7,0.608737906,0,3,,,,,,,,,,,,,,,,,,,,
Tet2,MEP,LSKd7,0.603831645,0,3,,,,,,,,,,,,,,,,,,,,
Dek,MEP,LSKd7,0.575170231,0,3,,,,,,,,,,,,,,,,,,,,
Smyd5,MEP,LSKd7,0.558329034,0,3,,,,,,,,,,,,,,,,,,,,
Mier3,MEP,LSKd7,0.551125846,0,3,,,,,,,,,,,,,,,,,,,,
Ankra2,MEP,LSKd7,0.547525418,0,3,,,,,,,,,,,,,,,,,,,,
Pcgf6,MEP,LSKd7,0.545062484,0,3,,,,,,,,,,,,,,,,,,,,
Tle1,MEP,LSKd7,0.541295266,0,3,,,,,,,,,,,,,,,,,,,,
Bcorl1,MEP,LSKd7,0.507483531,0,3,,,,,,,,,,,,,,,,,,,,
Mettl15,MEP,LSKd7,0.504312912,0,3,,,,,,,,,,,,,,,,,,,,
Pdp1,MEP,LSKd7,0.497981586,0,3,,,,,,,,,,,,,,,,,,,,
Med24,MEP,LSKd7,0.497607488,0,3,,,,,,,,,,,,,,,,,,,,
Mycbp,MEP,LSKd7,0.494136391,0,3,,,,,,,,,,,,,,,,,,,,
Pdcd2,MEP,LSKd7,0.490463554,0,3,,,,,,,,,,,,,,,,,,,,
Gon4l,MEP,LSKd7,0.489383691,0,3,,,,,,,,,,,,,,,,,,,,
Lrrfip2,MEP,LSKd7,0.483012599,0,3,,,,,,,,,,,,,,,,,,,,
Pwp1,MEP,LSKd7,0.472345228,0,3,,,,,,,,,,,,,,,,,,,,
Taf7,MEP,LSKd7,0.463454639,0,3,,,,,,,,,,,,,,,,,,,,
Sirt6,MEP,LSKd7,0.460296206,0,3,,,,,,,,,,,,,,,,,,,,
Hdac11,MEP,LSKd7,0.456851157,0,3,,,,,,,,,,,,,,,,,,,,
Prdm4,MEP,LSKd7,0.444718665,0,3,,,,,,,,,,,,,,,,,,,,
Rsf1,MEP,LSKd7,0.425724596,0,3,,,,,,,,,,,,,,,,,,,,
Pygo1,MEP,LSKd7,0.423596209,0,3,,,,,,,,,,,,,,,,,,,,
Nab2,MEP,LSKd7,0.42039448,0,3,,,,,,,,,,,,,,,,,,,,
Hmga2,MEP,LSKd7,0.417212382,0,3,,,,,,,,,,,,,,,,,,,,
Phf19,MEP,LSKd7,0.41130101,0,3,,,,,,,,,,,,,,,,,,,,
Med1,MEP,LSKd7,0.403259948,0,3,,,,,,,,,,,,,,,,,,,,
Eya2,MEP,LSKd7,0.394957567,0,3,,,,,,,,,,,,,,,,,,,,
Med15,MEP,LSKd7,0.388471218,0,3,,,,,,,,,,,,,,,,,,,,
Hmgn3,MEP,LSKd7,0.388341741,0,3,,,,,,,,,,,,,,,,,,,,
Ercc6,MEP,LSKd7,0.387784649,0,3,,,,,,,,,,,,,,,,,,,,
Gadd45g,MEP,LSKd7,0.387675431,0,3,,,,,,,,,,,,,,,,,,,,
Hmgn2,MEP,LSKd7,0.378150749,0,3,,,,,,,,,,,,,,,,,,,,
Hdac5,MEP,LSKd7,0.374885081,0,3,,,,,,,,,,,,,,,,,,,,
Prmt3,MEP,LSKd7,0.374227112,0,3,,,,,,,,,,,,,,,,,,,,
Kdm3b,MEP,LSKd7,0.372101821,0,3,,,,,,,,,,,,,,,,,,,,
Gtf2a1,MEP,LSKd7,0.367713554,0,3,,,,,,,,,,,,,,,,,,,,
Arntl,MEP,LSKd7,0.365282818,0,3,,,,,,,,,,,,,,,,,,,,
Smarcd3,MEP,LSKd7,0.363748507,0,3,,,,,,,,,,,,,,,,,,,,
Atxn7,MEP,LSKd7,0.354810721,0,3,,,,,,,,,,,,,,,,,,,,
Setd3,MEP,LSKd7,0.344302035,0,3,,,,,,,,,,,,,,,,,,,,
Ube2d1,MEP,LSKd7,0.341233981,0,3,,,,,,,,,,,,,,,,,,,,
Zmynd11,MEP,LSKd7,0.335181772,0,3,,,,,,,,,,,,,,,,,,,,
Ntmt1,MEP,LSKd7,0.331115174,0,3,,,,,,,,,,,,,,,,,,,,
Rbbp8,MEP,LSKd7,0.33080287,0,3,,,,,,,,,,,,,,,,,,,,
Mettl23,MEP,LSKd7,0.330357536,0,3,,,,,,,,,,,,,,,,,,,,
Zhx1,MEP,LSKd7,0.325936579,0,3,,,,,,,,,,,,,,,,,,,,
Med12,MEP,LSKd7,0.307452397,0,3,,,,,,,,,,,,,,,,,,,,
Sap30l,MEP,LSKd7,0.305755674,0,3,,,,,,,,,,,,,,,,,,,,
Cdk5,MEP,LSKd7,0.305661264,0,3,,,,,,,,,,,,,,,,,,,,
Mettl8,MEP,LSKd7,0.30537819,0,3,,,,,,,,,,,,,,,,,,,,
Asxl1,MEP,LSKd7,0.29831665,0,3,,,,,,,,,,,,,,,,,,,,
Uba2,MEP,LSKd7,0.297203884,0,3,,,,,,,,,,,,,,,,,,,,
Dhx36,MEP,LSKd7,0.289342092,0,3,,,,,,,,,,,,,,,,,,,,
Prkdc,MEP,LSKd7,0.287598253,0,3,,,,,,,,,,,,,,,,,,,,
Bmi1,MEP,LSKd7,0.286505163,0,3,,,,,,,,,,,,,,,,,,,,
Msl1,MEP,LSKd7,0.268254373,0,3,,,,,,,,,,,,,,,,,,,,
Cbx1,MEP,LSKd7,0.266427302,0,3,,,,,,,,,,,,,,,,,,,,
Bbx,MEP,LSKd7,0.264831259,0,3,,,,,,,,,,,,,,,,,,,,
Chd1l,MEP,LSKd7,0.254603919,0,3,,,,,,,,,,,,,,,,,,,,
Med18,MEP,LSKd7,0.254278412,0,3,,,,,,,,,,,,,,,,,,,,
Tgfbr1,MEP,LSKd7,0.249344584,0,3,,,,,,,,,,,,,,,,,,,,
Ddb2,MEP,LSKd7,0.242033671,0,3,,,,,,,,,,,,,,,,,,,,
Mdc1,MEP,LSKd7,0.238900832,0,3,,,,,,,,,,,,,,,,,,,,
Nek9,MEP,LSKd7,0.233002103,0,3,,,,,,,,,,,,,,,,,,,,
Trim16,MEP,LSKd7,0.228096819,0,3,,,,,,,,,,,,,,,,,,,,
Chd9,MEP,LSKd7,0.223712838,0,3,,,,,,,,,,,,,,,,,,,,
Gadd45a,MEP,LSKd7,0.221701306,0,3,,,,,,,,,,,,,,,,,,,,
Med27,MEP,LSKd7,0.216065654,0,3,,,,,,,,,,,,,,,,,,,,
Phf23,MEP,LSKd7,0.212593014,0,3,,,,,,,,,,,,,,,,,,,,
Prdm5,MEP,LSKd7,0.210379956,0,3,,,,,,,,,,,,,,,,,,,,
Mettl21a,MEP,LSKd7,0.198203134,0,3,,,,,,,,,,,,,,,,,,,,
Mettl18,MEP,LSKd7,0.189376426,0,3,,,,,,,,,,,,,,,,,,,,
Smc1a,MEP,LSKd7,0.186754544,0,3,,,,,,,,,,,,,,,,,,,,
Snai2,MEP,LSKd7,0.177774265,0,3,,,,,,,,,,,,,,,,,,,,
Nsd1,MEP,LSKd7,0.177680525,0,3,,,,,,,,,,,,,,,,,,,,
Ddx39,MEP,LSKd7,0.162516304,0,3,,,,,,,,,,,,,,,,,,,,
Anp32e,MEP,LSKd7,0.156701505,0,3,,,,,,,,,,,,,,,,,,,,
Mettl9,MEP,LSKd7,0.152485749,0,3,,,,,,,,,,,,,,,,,,,,
Vrk1,MEP,LSKd7,0.151041793,0,3,,,,,,,,,,,,,,,,,,,,
Fam208a,MEP,LSKd7,0.15030574,0,3,,,,,,,,,,,,,,,,,,,,
Pnrc1,MEP,LSKd7,0.146417445,0,3,,,,,,,,,,,,,,,,,,,,
Dnmt3l,MEP,LSKd7,0.137429232,0,3,,,,,,,,,,,,,,,,,,,,
Dtx3l,MEP,LSKd7,0.134872891,0,3,,,,,,,,,,,,,,,,,,,,
Arid5a,MEP,LSKd7,0.133307005,0,3,,,,,,,,,,,,,,,,,,,,
Smarca1,MEP,LSKd7,0.127673788,0,3,,,,,,,,,,,,,,,,,,,,
Rbl1,MEP,LSKd7,0.123219885,0,3,,,,,,,,,,,,,,,,,,,,
Mbd6,MEP,LSKd7,0.119323429,0,3,,,,,,,,,,,,,,,,,,,,
Mettl2,MEP,LSKd7,0.115508203,0,3,,,,,,,,,,,,,,,,,,,,
Mphosph8,MEP,LSKd7,0.106381521,0,3,,,,,,,,,,,,,,,,,,,,
Setx,MEP,LSKd7,0.106231371,0,3,,,,,,,,,,,,,,,,,,,,
Ptov1,MEP,LSKd7,0.103202983,0,3,,,,,,,,,,,,,,,,,,,,
Kdm5d,MEP,LSKd7,0.10150825,0,3,,,,,,,,,,,,,,,,,,,,
Dnajc2,MEP,LSKd7,0.096139545,0,3,,,,,,,,,,,,,,,,,,,,
Mbd4,MEP,LSKd7,0.09606074,0,3,,,,,,,,,,,,,,,,,,,,
Nab1,MEP,LSKd7,0.088165311,0,3,,,,,,,,,,,,,,,,,,,,
Cbx8,MEP,LSKd7,0.081681409,0,3,,,,,,,,,,,,,,,,,,,,
Ube2a,MEP,LSKd7,0.080177568,0,3,,,,,,,,,,,,,,,,,,,,
Nr1d1,MEP,LSKd7,0.078755532,0,3,,,,,,,,,,,,,,,,,,,,
Prdm11,MEP,LSKd7,0.070814651,0,3,,,,,,,,,,,,,,,,,,,,
Baz2a,MEP,LSKd7,0.068191064,0,3,,,,,,,,,,,,,,,,,,,,
Mettl1,MEP,LSKd7,0.066892025,0,3,,,,,,,,,,,,,,,,,,,,
Kdm4b,MEP,LSKd7,0.061900993,0,3,,,,,,,,,,,,,,,,,,,,
Max,MEP,LSKd7,0.059228009,0,3,,,,,,,,,,,,,,,,,,,,
Myo1c,MEP,LSKd7,0.058743056,0,3,,,,,,,,,,,,,,,,,,,,
Jmjd8,MEP,LSKd7,0.054139027,0,3,,,,,,,,,,,,,,,,,,,,
Arrb1,MEP,LSKd7,0.052431116,0,3,,,,,,,,,,,,,,,,,,,,
Pttg1,MEP,LSKd7,0.051482208,0,3,,,,,,,,,,,,,,,,,,,,
Prdm9,MEP,LSKd7,0.048571839,0,3,,,,,,,,,,,,,,,,,,,,
Pqbp1,MEP,LSKd7,0.039437611,0,3,,,,,,,,,,,,,,,,,,,,
Maml1,MEP,LSKd7,0.036509679,0,3,,,,,,,,,,,,,,,,,,,,
Hmg20b,MEP,LSKd7,0.035832744,0,3,,,,,,,,,,,,,,,,,,,,
Paxbp1,MEP,LSKd7,0.024527684,0,3,,,,,,,,,,,,,,,,,,,,
Hmgn5,MEP,LSKd7,0.012949022,0,3,,,,,,,,,,,,,,,,,,,,
Mysm1,MEP,LSKd7,0.011279042,0,3,,,,,,,,,,,,,,,,,,,,
Prr14,MEP,LSKd7,0.009160722,0,3,,,,,,,,,,,,,,,,,,,,
Ankrd32,MEP,LSKd7,0.002261948,0,3,,,,,,,,,,,,,,,,,,,,
H2afy2,MEP,LSKd7,-0.002331024,0,3,,,,,,,,,,,,,,,,,,,,
Per1,MEP,LSKd7,-0.00425577,0,3,,,,,,,,,,,,,,,,,,,,
Hmgb1,MEP,LSKd7,-0.00598364,0,3,,,,,,,,,,,,,,,,,,,,
Med13l,MEP,LSKd7,-0.007478242,0,3,,,,,,,,,,,,,,,,,,,,
Tbp,MEP,LSKd7,-0.009785178,0,3,,,,,,,,,,,,,,,,,,,,
Phf13,MEP,LSKd7,-0.010294339,0,3,,,,,,,,,,,,,,,,,,,,
Rnf8,MEP,LSKd7,-0.014455286,0,3,,,,,,,,,,,,,,,,,,,,
Lrrfip1,MEP,LSKd7,-0.015544672,0,3,,,,,,,,,,,,,,,,,,,,
Kdm4c,MEP,LSKd7,-0.015857717,0,3,,,,,,,,,,,,,,,,,,,,
Prdm10,MEP,LSKd7,-0.017401031,0,3,,,,,,,,,,,,,,,,,,,,
Mapkapk3,MEP,LSKd7,-0.024461597,0,3,,,,,,,,,,,,,,,,,,,,
Ino80b,MEP,LSKd7,-0.024801344,0,3,,,,,,,,,,,,,,,,,,,,
Chd6,MEP,LSKd7,-0.024839037,0,3,,,,,,,,,,,,,,,,,,,,
Ncoa4,MEP,LSKd7,-0.027923215,0,3,,,,,,,,,,,,,,,,,,,,
Mgmt,MEP,LSKd7,-0.03129101,0,3,,,,,,,,,,,,,,,,,,,,
Atad2,MEP,LSKd7,-0.042055969,0,3,,,,,,,,,,,,,,,,,,,,
Pias2,MEP,LSKd7,-0.049314189,0,3,,,,,,,,,,,,,,,,,,,,
Rnf168,MEP,LSKd7,-0.049952328,0,3,,,,,,,,,,,,,,,,,,,,
Mdfi,MEP,LSKd7,-0.051930224,0,3,,,,,,,,,,,,,,,,,,,,
Mettl25,MEP,LSKd7,-0.071362638,0,3,,,,,,,,,,,,,,,,,,,,
Aurkb,MEP,LSKd7,-0.086160339,0,3,,,,,,,,,,,,,,,,,,,,
Chmp1a,MEP,LSKd7,-0.100362936,0,3,,,,,,,,,,,,,,,,,,,,
Ube2b,MEP,LSKd7,-0.114403423,0,3,,,,,,,,,,,,,,,,,,,,
Ep400,MEP,LSKd7,-0.126752854,0,3,,,,,,,,,,,,,,,,,,,,
Pcgf2,MEP,LSKd7,-0.132695897,0,3,,,,,,,,,,,,,,,,,,,,
Phc2,MEP,LSKd7,-0.136422185,0,3,,,,,,,,,,,,,,,,,,,,
Pds5b,MEP,LSKd7,-0.137201172,0,3,,,,,,,,,,,,,,,,,,,,
Mettl6,MEP,LSKd7,-0.143092931,0,3,,,,,,,,,,,,,,,,,,,,
H2afx,MEP,LSKd7,-0.163251789,0,3,,,,,,,,,,,,,,,,,,,,
Hmgxb4,MEP,LSKd7,-0.169086269,0,3,,,,,,,,,,,,,,,,,,,,
Smchd1,MEP,LSKd7,-0.171632793,0,3,,,,,,,,,,,,,,,,,,,,
Ythdf1,MEP,LSKd7,-0.176710628,0,3,,,,,,,,,,,,,,,,,,,,
Phf2,MEP,LSKd7,-0.181194948,0,3,,,,,,,,,,,,,,,,,,,,
Wac,MEP,LSKd7,-0.184876065,0,3,,,,,,,,,,,,,,,,,,,,
Baz2b,MEP,LSKd7,-0.190164302,0,3,,,,,,,,,,,,,,,,,,,,
Smyd4,MEP,LSKd7,-0.199922178,0,3,,,,,,,,,,,,,,,,,,,,
Phf20,MEP,LSKd7,-0.202701603,0,3,,,,,,,,,,,,,,,,,,,,
Hmga1,MEP,LSKd7,-0.203719488,0,3,,,,,,,,,,,,,,,,,,,,
Zbtb33,MEP,LSKd7,-0.205252165,0,3,,,,,,,,,,,,,,,,,,,,
Hltf,MEP,LSKd7,-0.209988117,0,3,,,,,,,,,,,,,,,,,,,,
Clock,MEP,LSKd7,-0.21875969,0,3,,,,,,,,,,,,,,,,,,,,
Ddx47,MEP,LSKd7,-0.218790435,0,3,,,,,,,,,,,,,,,,,,,,
Brd1,MEP,LSKd7,-0.221208422,0,3,,,,,,,,,,,,,,,,,,,,
Eif4a2,MEP,LSKd7,-0.223329606,0,3,,,,,,,,,,,,,,,,,,,,
Mllt11,MEP,LSKd7,-0.223984715,0,3,,,,,,,,,,,,,,,,,,,,
Mettl4,MEP,LSKd7,-0.237689407,0,3,,,,,,,,,,,,,,,,,,,,
Med19,MEP,LSKd7,-0.254924669,0,3,,,,,,,,,,,,,,,,,,,,
Ddx50,MEP,LSKd7,-0.25497302,0,3,,,,,,,,,,,,,,,,,,,,
Nabp2,MEP,LSKd7,-0.259125223,0,3,,,,,,,,,,,,,,,,,,,,
Spen,MEP,LSKd7,-0.266200823,0,3,,,,,,,,,,,,,,,,,,,,
Ppie,MEP,LSKd7,-0.269685804,0,3,,,,,,,,,,,,,,,,,,,,
Prkcd,MEP,LSKd7,-0.279761635,0,3,,,,,,,,,,,,,,,,,,,,
Cdk17,MEP,LSKd7,-0.281341271,0,3,,,,,,,,,,,,,,,,,,,,
Ino80c,MEP,LSKd7,-0.284882578,0,3,,,,,,,,,,,,,,,,,,,,
Sf3b1,MEP,LSKd7,-0.290010833,0,3,,,,,,,,,,,,,,,,,,,,
Cit,MEP,LSKd7,-0.290481349,0,3,,,,,,,,,,,,,,,,,,,,
Las1l,MEP,LSKd7,-0.299403187,0,3,,,,,,,,,,,,,,,,,,,,
Setd2,MEP,LSKd7,-0.302837898,0,3,,,,,,,,,,,,,,,,,,,,
Mier1,MEP,LSKd7,-0.305121041,0,3,,,,,,,,,,,,,,,,,,,,
Scmh1,MEP,LSKd7,-0.305919782,0,3,,,,,,,,,,,,,,,,,,,,
Mllt4,MEP,LSKd7,-0.307151115,0,3,,,,,,,,,,,,,,,,,,,,
Stag1,MEP,LSKd7,-0.312948588,0,3,,,,,,,,,,,,,,,,,,,,
Noc2l,MEP,LSKd7,-0.314680778,0,3,,,,,,,,,,,,,,,,,,,,
Pias1,MEP,LSKd7,-0.316903417,0,3,,,,,,,,,,,,,,,,,,,,
Tet3,MEP,LSKd7,-0.325422598,0,3,,,,,,,,,,,,,,,,,,,,
Mdm2,MEP,LSKd7,-0.348170441,0,3,,,,,,,,,,,,,,,,,,,,
Brd2,MEP,LSKd7,-0.352444507,0,3,,,,,,,,,,,,,,,,,,,,
Med28,MEP,LSKd7,-0.359194816,0,3,,,,,,,,,,,,,,,,,,,,
Hmbox1,MEP,LSKd7,-0.364913595,0,3,,,,,,,,,,,,,,,,,,,,
Senp1,MEP,LSKd7,-0.388956024,0,3,,,,,,,,,,,,,,,,,,,,
Sirt4,MEP,LSKd7,-0.395499954,0,3,,,,,,,,,,,,,,,,,,,,
Sap25,MEP,LSKd7,-0.404744608,0,3,,,,,,,,,,,,,,,,,,,,
Esco2,MEP,LSKd7,-0.412551946,0,3,,,,,,,,,,,,,,,,,,,,
Zbtb7c,MEP,LSKd7,-0.427979054,0,3,,,,,,,,,,,,,,,,,,,,
Cxxc5,MEP,LSKd7,-0.476422256,0,3,,,,,,,,,,,,,,,,,,,,
Mau2,MEP,LSKd7,-0.485908212,0,3,,,,,,,,,,,,,,,,,,,,
Kat6b,MEP,LSKd7,-0.486969715,0,3,,,,,,,,,,,,,,,,,,,,
Pcgf3,MEP,LSKd7,-0.492984338,0,3,,,,,,,,,,,,,,,,,,,,
Uhrf2,MEP,LSKd7,-0.498343788,0,3,,,,,,,,,,,,,,,,,,,,
Mettl17,MEP,LSKd7,-0.500876468,0,3,,,,,,,,,,,,,,,,,,,,
Fbxw9,MEP,LSKd7,-0.513806175,0,3,,,,,,,,,,,,,,,,,,,,
Mettl22,MEP,LSKd7,-0.521051912,0,3,,,,,,,,,,,,,,,,,,,,
Dr1,MEP,LSKd7,-0.527339225,0,3,,,,,,,,,,,,,,,,,,,,
Ube2d3,MEP,LSKd7,-0.534861552,0,3,,,,,,,,,,,,,,,,,,,,
Atrx,MEP,LSKd7,-0.554517089,0,3,,,,,,,,,,,,,,,,,,,,
Med29,MEP,LSKd7,-0.554712562,0,3,,,,,,,,,,,,,,,,,,,,
Brdt,MEP,LSKd7,-0.557528949,0,3,,,,,,,,,,,,,,,,,,,,
Nap1l4,MEP,LSKd7,-0.570955172,0,3,,,,,,,,,,,,,,,,,,,,
Top2b,MEP,LSKd7,-0.573621679,0,3,,,,,,,,,,,,,,,,,,,,
Eid2,MEP,LSKd7,-0.583428667,0,3,,,,,,,,,,,,,,,,,,,,
Ddx31,MEP,LSKd7,-0.610185921,0,3,,,,,,,,,,,,,,,,,,,,
Rbx1,MEP,LSKd7,-0.616660614,0,3,,,,,,,,,,,,,,,,,,,,
Cir1,MEP,LSKd7,-0.616893312,0,3,,,,,,,,,,,,,,,,,,,,
Mettl16,MEP,LSKd7,-0.625978887,0,3,,,,,,,,,,,,,,,,,,,,
Ing3,MEP,LSKd7,-0.628623518,0,3,,,,,,,,,,,,,,,,,,,,
Rcor2,MEP,LSKd7,-0.638097572,0,3,,,,,,,,,,,,,,,,,,,,
Srsf1,MEP,LSKd7,-0.651202054,0,3,,,,,,,,,,,,,,,,,,,,
Pura,MEP,LSKd7,-0.674664042,0,3,,,,,,,,,,,,,,,,,,,,
Jade3,MEP,LSKd7,-0.679556451,0,3,,,,,,,,,,,,,,,,,,,,
Myef2,MEP,LSKd7,-0.683871021,0,3,,,,,,,,,,,,,,,,,,,,
Chrac1,MEP,LSKd7,-0.685552069,0,3,,,,,,,,,,,,,,,,,,,,
Pias4,MEP,LSKd7,-0.687529584,0,3,,,,,,,,,,,,,,,,,,,,
Med6,MEP,LSKd7,-0.703374454,0,3,,,,,,,,,,,,,,,,,,,,
Med26,MEP,LSKd7,-0.723903742,0,3,,,,,,,,,,,,,,,,,,,,
Usp16,MEP,LSKd7,-0.731205537,0,3,,,,,,,,,,,,,,,,,,,,
Suv420h2,MEP,LSKd7,-0.743524083,0,3,,,,,,,,,,,,,,,,,,,,
Ruvbl1,MEP,LSKd7,-0.746744285,0,3,,,,,,,,,,,,,,,,,,,,
Kdm1b,MEP,LSKd7,-0.752591038,0,3,,,,,,,,,,,,,,,,,,,,
Gtf3a,MEP,LSKd7,-0.754165228,0,3,,,,,,,,,,,,,,,,,,,,
Mycbp2,MEP,LSKd7,-0.75763659,0,3,,,,,,,,,,,,,,,,,,,,
Kansl3,MEP,LSKd7,-0.768713579,0,3,,,,,,,,,,,,,,,,,,,,
Morf4l1,MEP,LSKd7,-0.769428195,0,3,,,,,,,,,,,,,,,,,,,,
Scml4,MEP,LSKd7,-0.779054747,0,3,,,,,,,,,,,,,,,,,,,,
Hdac8,MEP,LSKd7,-0.791082788,0,3,,,,,,,,,,,,,,,,,,,,
Ythdf3,MEP,LSKd7,-0.793969501,0,3,,,,,,,,,,,,,,,,,,,,
Hells,MEP,LSKd7,-0.826340177,0,3,,,,,,,,,,,,,,,,,,,,
Wdr48,MEP,LSKd7,-0.843945307,0,3,,,,,,,,,,,,,,,,,,,,
Kdm4a,MEP,LSKd7,-0.845017214,0,3,,,,,,,,,,,,,,,,,,,,
Sap18,MEP,LSKd7,-0.856161098,0,3,,,,,,,,,,,,,,,,,,,,
Ywhae,MEP,LSKd7,-0.866523716,0,3,,,,,,,,,,,,,,,,,,,,
Syncrip,MEP,LSKd7,-0.871710284,0,3,,,,,,,,,,,,,,,,,,,,
Mdfic,MEP,LSKd7,-0.886547539,0,3,,,,,,,,,,,,,,,,,,,,
Mbtps2,MEP,LSKd7,-0.889751166,0,3,,,,,,,,,,,,,,,,,,,,
Chmp2b,MEP,LSKd7,-0.895583879,0,3,,,,,,,,,,,,,,,,,,,,
Psip1,MEP,LSKd7,-0.896492245,0,3,,,,,,,,,,,,,,,,,,,,
Kansl2,MEP,LSKd7,-0.905842929,0,3,,,,,,,,,,,,,,,,,,,,
Ing4,MEP,LSKd7,-0.906938689,0,3,,,,,,,,,,,,,,,,,,,,
Gtf2h3,MEP,LSKd7,-0.914549042,0,3,,,,,,,,,,,,,,,,,,,,
Atxn7l3,MEP,LSKd7,-0.915295069,0,3,,,,,,,,,,,,,,,,,,,,
Zfp57,MEP,LSKd7,-0.923915338,0,3,,,,,,,,,,,,,,,,,,,,
Taf9b,MEP,LSKd7,-0.925215438,0,3,,,,,,,,,,,,,,,,,,,,
Zmym2,MEP,LSKd7,-0.933205304,0,3,,,,,,,,,,,,,,,,,,,,
Phb,MEP,LSKd7,-0.934489866,0,3,,,,,,,,,,,,,,,,,,,,
Mbip,MEP,LSKd7,-0.937055059,0,3,,,,,,,,,,,,,,,,,,,,
Dnttip2,MEP,LSKd7,-0.951293645,0,3,,,,,,,,,,,,,,,,,,,,
Ncoa5,MEP,LSKd7,-0.951861336,0,3,,,,,,,,,,,,,,,,,,,,
Phf12,MEP,LSKd7,-0.965458676,0,3,,,,,,,,,,,,,,,,,,,,
Mier2,MEP,LSKd7,-0.973149272,0,3,,,,,,,,,,,,,,,,,,,,
Smc6,MEP,LSKd7,-0.982599159,0,3,,,,,,,,,,,,,,,,,,,,
Taf4a,MEP,LSKd7,-0.983636405,0,3,,,,,,,,,,,,,,,,,,,,
Ino80d,MEP,LSKd7,-0.991496878,0,3,,,,,,,,,,,,,,,,,,,,
Med10,MEP,LSKd7,-0.996147107,0,3,,,,,,,,,,,,,,,,,,,,
Zzz3,MEP,LSKd7,-1.020004204,0,3,,,,,,,,,,,,,,,,,,,,
Rbl2,MEP,LSKd7,-1.033924429,0,3,,,,,,,,,,,,,,,,,,,,
Rcc1,MEP,LSKd7,-1.049562795,0,3,,,,,,,,,,,,,,,,,,,,
Med16,MEP,LSKd7,-1.056418896,0,3,,,,,,,,,,,,,,,,,,,,
Brcc3,MEP,LSKd7,-1.078903977,0,3,,,,,,,,,,,,,,,,,,,,
Ing5,MEP,LSKd7,-1.116261206,0,3,,,,,,,,,,,,,,,,,,,,
Mbd1,MEP,LSKd7,-1.130424194,0,3,,,,,,,,,,,,,,,,,,,,
Wapal,MEP,LSKd7,-1.153140452,0,3,,,,,,,,,,,,,,,,,,,,
Phf20l1,MEP,LSKd7,-1.160869615,0,3,,,,,,,,,,,,,,,,,,,,
Med22,MEP,LSKd7,-1.166437374,0,3,,,,,,,,,,,,,,,,,,,,
Kti12,MEP,LSKd7,-1.168268325,0,3,,,,,,,,,,,,,,,,,,,,
Med13,MEP,LSKd7,-1.178932497,0,3,,,,,,,,,,,,,,,,,,,,
Eya3,MEP,LSKd7,-1.200690956,0,3,,,,,,,,,,,,,,,,,,,,
Gatad2a,MEP,LSKd7,-1.202881013,0,3,,,,,,,,,,,,,,,,,,,,
Lbr,MEP,LSKd7,-1.22230652,0,3,,,,,,,,,,,,,,,,,,,,
Prdm15,MEP,LSKd7,-1.247618531,0,3,,,,,,,,,,,,,,,,,,,,
Brd3,MEP,LSKd7,-1.274215877,0,3,,,,,,,,,,,,,,,,,,,,
Hirip3,MEP,LSKd7,-1.274370742,0,3,,,,,,,,,,,,,,,,,,,,
Bub1,MEP,LSKd7,-1.289096103,0,3,,,,,,,,,,,,,,,,,,,,
Jmjd6,MEP,LSKd7,-1.339103189,0,3,,,,,,,,,,,,,,,,,,,,
Cdk1,MEP,LSKd7,-1.358826451,0,3,,,,,,,,,,,,,,,,,,,,
Ruvbl2,MEP,LSKd7,-1.362092391,0,3,,,,,,,,,,,,,,,,,,,,
Kdm2a,MEP,LSKd7,-1.364938917,0,3,,,,,,,,,,,,,,,,,,,,
Mcrs1,MEP,LSKd7,-1.37470583,0,3,,,,,,,,,,,,,,,,,,,,
Aurka,MEP,LSKd7,-1.382906125,0,3,,,,,,,,,,,,,,,,,,,,
Brd8,MEP,LSKd7,-1.400057099,0,3,,,,,,,,,,,,,,,,,,,,
Ddx21,MEP,LSKd7,-1.424711667,0,3,,,,,,,,,,,,,,,,,,,,
Phf3,MEP,LSKd7,-1.441489249,0,3,,,,,,,,,,,,,,,,,,,,
Jade1,MEP,LSKd7,-1.443200746,0,3,,,,,,,,,,,,,,,,,,,,
Mllt3,MEP,LSKd7,-1.450853424,0,3,,,,,,,,,,,,,,,,,,,,
Sin3b,MEP,LSKd7,-1.451225391,0,3,,,,,,,,,,,,,,,,,,,,
Pml,MEP,LSKd7,-1.458030113,0,3,,,,,,,,,,,,,,,,,,,,
Smc5,MEP,LSKd7,-1.583256703,0,3,,,,,,,,,,,,,,,,,,,,
Med9,MEP,LSKd7,-1.59722954,0,3,,,,,,,,,,,,,,,,,,,,
Rnf40,MEP,LSKd7,-1.63932073,0,3,,,,,,,,,,,,,,,,,,,,
Ncoa3,MEP,LSKd7,-1.675464691,0,3,,,,,,,,,,,,,,,,,,,,
Mllt1,MEP,LSKd7,-1.785120532,0,3,,,,,,,,,,,,,,,,,,,,
Ahctf1,MEP,LSKd7,-1.78563659,0,3,,,,,,,,,,,,,,,,,,,,
Mybbp1a,MEP,LSKd7,-1.807211301,0,3,,,,,,,,,,,,,,,,,,,,
Pcgf5,MEP,LSKd7,-1.929915933,0,3,,,,,,,,,,,,,,,,,,,,
Dmap1,MEP,LSKd7,-1.94916963,0,3,,,,,,,,,,,,,,,,,,,,
Gatad1,MEP,LSKd7,-1.967685732,0,3,,,,,,,,,,,,,,,,,,,,
Setd5,MEP,LSKd7,-2.015147705,0,3,,,,,,,,,,,,,,,,,,,,
Pole3,MEP,LSKd7,-2.043761031,0,3,,,,,,,,,,,,,,,,,,,,
Med4,MEP,LSKd7,-2.104155119,0,3,,,,,,,,,,,,,,,,,,,,
Pkm,MEP,LSKd7,-2.267173534,0,3,,,,,,,,,,,,,,,,,,,,
Med7,MEP,LSKd7,-2.412834135,0,3,,,,,,,,,,,,,,,,,,,,
Phf11a,MEP,LSKd7,1.011635658,0,2,,,,,,,,,,,,,,,,,,,,
Spi1,Mye,Und,-10.33700867,19,19,,,,,,,,,,,,,,,,,,,,
Cebpa,Mye,Und,-8.337131701,18,19,,,,,,,,,,,,,,,,,,,,
Gata2,Mye,Und,0.658692859,1,19,,,,,,,,,,,,,,,,,,,,
Pax5,Mye,Und,0.019598324,1,19,,,,,,,,,,,,,,,,,,,,
Ebf1,Mye,Und,-0.167386468,0,13,,,,,,,,,,,,,,,,,,,,
Gata1,Mye,Und,-0.244728436,0,13,,,,,,,,,,,,,,,,,,,,
Mbd2,Mye,Und,1.039948306,1,10,,,,,,,,,,,,,,,,,,,,
Zfpm1,Mye,Und,0.43682869,1,10,,,,,,,,,,,,,,,,,,,,
Ezh2,Mye,Und,0.152093908,0,10,,,,,,,,,,,,,,,,,,,,
Eif3d,Mye,Und,-7.748287646,9,9,,,,,,,,,,,,,,,,,,,,
Eif3b,Mye,Und,-4.412417782,7,9,,,,,,,,,,,,,,,,,,,,
Trp53,Mye,Und,-1.095517223,1,9,,,,,,,,,,,,,,,,,,,,
Prdm16,Mye,Und,1.119535546,1,7,,,,,,,,,,,,,,,,,,,,
Rai1,Mye,Und,0.643229218,0,7,,,,,,,,,,,,,,,,,,,,
Kmt2d,Mye,Und,-3.995866905,5,6,,,,,,,,,,,,,,,,,,,,
Kmt2a,Mye,Und,3.59922047,4,6,,,,,,,,,,,,,,,,,,,,
Nup85,Mye,Und,-2.80102599,4,6,,,,,,,,,,,,,,,,,,,,
Wdr82,Mye,Und,-3.225729971,4,6,,,,,,,,,,,,,,,,,,,,
Smarcb1,Mye,Und,-4.117775538,4,6,,,,,,,,,,,,,,,,,,,,
Smarca4,Mye,Und,-3.018720494,3,6,,,,,,,,,,,,,,,,,,,,
Wdr5,Mye,Und,-1.722036511,2,6,,,,,,,,,,,,,,,,,,,,
Smarce1,Mye,Und,-2.256855364,2,6,,,,,,,,,,,,,,,,,,,,
Rbbp5,Mye,Und,-2.317573625,2,6,,,,,,,,,,,,,,,,,,,,
Actl6a,Mye,Und,-3.005049593,2,6,,,,,,,,,,,,,,,,,,,,
Men1,Mye,Und,1.771247541,1,6,,,,,,,,,,,,,,,,,,,,
Rcor1,Mye,Und,1.006785933,1,6,,,,,,,,,,,,,,,,,,,,
Mta2,Mye,Und,0.578477023,1,6,,,,,,,,,,,,,,,,,,,,
Nup133,Mye,Und,0.536825306,1,6,,,,,,,,,,,,,,,,,,,,
Brd7,Mye,Und,0.440162509,1,6,,,,,,,,,,,,,,,,,,,,
Nup62,Mye,Und,0.100282285,1,6,,,,,,,,,,,,,,,,,,,,
Hcfc1,Mye,Und,0.070738494,1,6,,,,,,,,,,,,,,,,,,,,
Tbl1xr1,Mye,Und,-0.322151478,1,6,,,,,,,,,,,,,,,,,,,,
Hdac2,Mye,Und,-0.702768413,1,6,,,,,,,,,,,,,,,,,,,,
Arid1a,Mye,Und,-1.330549865,1,6,,,,,,,,,,,,,,,,,,,,
Kat8,Mye,Und,-1.386983386,1,6,,,,,,,,,,,,,,,,,,,,
Dpy30,Mye,Und,-1.602086905,1,6,,,,,,,,,,,,,,,,,,,,
Smarcd2,Mye,Und,-2.432615214,1,6,,,,,,,,,,,,,,,,,,,,
Gltscr1,Mye,Und,1.862630573,0,6,,,,,,,,,,,,,,,,,,,,
Smarcd1,Mye,Und,1.064365198,0,6,,,,,,,,,,,,,,,,,,,,
Kmt2e,Mye,Und,0.941095873,0,6,,,,,,,,,,,,,,,,,,,,
Chd4,Mye,Und,0.833836167,0,6,,,,,,,,,,,,,,,,,,,,
Ncor1,Mye,Und,0.754206614,0,6,,,,,,,,,,,,,,,,,,,,
Smarca5,Mye,Und,0.710632006,0,6,,,,,,,,,,,,,,,,,,,,
Maml3,Mye,Und,0.690295488,0,6,,,,,,,,,,,,,,,,,,,,
Setd1a,Mye,Und,0.688855103,0,6,,,,,,,,,,,,,,,,,,,,
Bcl11a,Mye,Und,0.66720972,0,6,,,,,,,,,,,,,,,,,,,,
Mbd3,Mye,Und,0.606413424,0,6,,,,,,,,,,,,,,,,,,,,
Hdac1,Mye,Und,0.530714517,0,6,,,,,,,,,,,,,,,,,,,,
Bcl11b,Mye,Und,0.495149093,0,6,,,,,,,,,,,,,,,,,,,,
Brd9,Mye,Und,0.456261682,0,6,,,,,,,,,,,,,,,,,,,,
Rest,Mye,Und,0.430970792,0,6,,,,,,,,,,,,,,,,,,,,
Kmt2b,Mye,Und,0.265170494,0,6,,,,,,,,,,,,,,,,,,,,
Ss18l1,Mye,Und,0.262595197,0,6,,,,,,,,,,,,,,,,,,,,
Kdm1a,Mye,Und,0.235083654,0,6,,,,,,,,,,,,,,,,,,,,
Ncor2,Mye,Und,0.137421882,0,6,,,,,,,,,,,,,,,,,,,,
Ezh1,Mye,Und,0.098585499,0,6,,,,,,,,,,,,,,,,,,,,
Rbbp7,Mye,Und,0.076751196,0,6,,,,,,,,,,,,,,,,,,,,
Arid2,Mye,Und,0.072041806,0,6,,,,,,,,,,,,,,,,,,,,
Hdac3,Mye,Und,0.048370444,0,6,,,,,,,,,,,,,,,,,,,,
Rbbp4,Mye,Und,0.029044724,0,6,,,,,,,,,,,,,,,,,,,,
Dpf3,Mye,Und,-0.009987918,0,6,,,,,,,,,,,,,,,,,,,,
Tbl1x,Mye,Und,-0.06117052,0,6,,,,,,,,,,,,,,,,,,,,
Pbrm1,Mye,Und,-0.105069345,0,6,,,,,,,,,,,,,,,,,,,,
Smarcal1,Mye,Und,-0.131802729,0,6,,,,,,,,,,,,,,,,,,,,
Phf10,Mye,Und,-0.141112661,0,6,,,,,,,,,,,,,,,,,,,,
Kdm5b,Mye,Und,-0.1529866,0,6,,,,,,,,,,,,,,,,,,,,
Smarcad1,Mye,Und,-0.157136222,0,6,,,,,,,,,,,,,,,,,,,,
Ss18,Mye,Und,-0.237532697,0,6,,,,,,,,,,,,,,,,,,,,
Chd3,Mye,Und,-0.239083757,0,6,,,,,,,,,,,,,,,,,,,,
Bcl7a,Mye,Und,-0.315212512,0,6,,,,,,,,,,,,,,,,,,,,
Kmt2c,Mye,Und,-0.317762627,0,6,,,,,,,,,,,,,,,,,,,,
Gltscr1l,Mye,Und,-0.360813669,0,6,,,,,,,,,,,,,,,,,,,,
Eya2,Mye,Und,-0.36191687,0,6,,,,,,,,,,,,,,,,,,,,
Bcl7b,Mye,Und,-0.393172122,0,6,,,,,,,,,,,,,,,,,,,,
Nupr1,Mye,Und,-0.40711272,0,6,,,,,,,,,,,,,,,,,,,,
Setd1b,Mye,Und,-0.42542096,0,6,,,,,,,,,,,,,,,,,,,,
Nup35,Mye,Und,-0.443371608,0,6,,,,,,,,,,,,,,,,,,,,
Smarcc2,Mye,Und,-0.481486815,0,6,,,,,,,,,,,,,,,,,,,,
Arid1b,Mye,Und,-0.484609678,0,6,,,,,,,,,,,,,,,,,,,,
Bptf,Mye,Und,-0.544745409,0,6,,,,,,,,,,,,,,,,,,,,
Kdm5a,Mye,Und,-0.575787094,0,6,,,,,,,,,,,,,,,,,,,,
Smarca2,Mye,Und,-0.655267676,0,6,,,,,,,,,,,,,,,,,,,,
Nup153,Mye,Und,-0.679383384,0,6,,,,,,,,,,,,,,,,,,,,
Pagr1a,Mye,Und,-0.723559658,0,6,,,,,,,,,,,,,,,,,,,,
Dpf2,Mye,Und,-0.825022078,0,6,,,,,,,,,,,,,,,,,,,,
Nup43,Mye,Und,-0.887994115,0,6,,,,,,,,,,,,,,,,,,,,
Ash2l,Mye,Und,-0.902688084,0,6,,,,,,,,,,,,,,,,,,,,
Ncoa6,Mye,Und,-0.915764302,0,6,,,,,,,,,,,,,,,,,,,,
Nup50,Mye,Und,-0.916079369,0,6,,,,,,,,,,,,,,,,,,,,
Mta3,Mye,Und,-1.133035034,0,6,,,,,,,,,,,,,,,,,,,,
Cxxc1,Mye,Und,-1.150706851,0,6,,,,,,,,,,,,,,,,,,,,
Paxip1,Mye,Und,-1.462250514,0,6,,,,,,,,,,,,,,,,,,,,
Smarcc1,Mye,Und,-1.718883766,0,6,,,,,,,,,,,,,,,,,,,,
Setdb1,Mye,Und,10.11921637,4,4,,,,,,,,,,,,,,,,,,,,
Uhrf1,Mye,Und,5.658386129,4,4,,,,,,,,,,,,,,,,,,,,
Smc2,Mye,Und,-4.585183838,4,4,,,,,,,,,,,,,,,,,,,,
Smc3,Mye,Und,-8.715599308,4,4,,,,,,,,,,,,,,,,,,,,
Chaf1a,Mye,Und,5.089427716,3,4,,,,,,,,,,,,,,,,,,,,
Dnmt1,Mye,Und,4.027557692,3,4,,,,,,,,,,,,,,,,,,,,
Chaf1b,Mye,Und,3.883580467,2,4,,,,,,,,,,,,,,,,,,,,
Cbx3,Mye,Und,3.086318737,2,4,,,,,,,,,,,,,,,,,,,,
Setd8,Mye,Und,-2.078152219,2,4,,,,,,,,,,,,,,,,,,,,
Stag2,Mye,Und,-2.660586098,2,4,,,,,,,,,,,,,,,,,,,,
Ash1l,Mye,Und,1.631360141,1,4,,,,,,,,,,,,,,,,,,,,
Chd2,Mye,Und,1.301703645,1,4,,,,,,,,,,,,,,,,,,,,
Setd7,Mye,Und,1.128269961,1,4,,,,,,,,,,,,,,,,,,,,
Hdac10,Mye,Und,1.074509458,1,4,,,,,,,,,,,,,,,,,,,,
Dnmt3a,Mye,Und,0.749496843,1,4,,,,,,,,,,,,,,,,,,,,
Smyd3,Mye,Und,0.459058529,1,4,,,,,,,,,,,,,,,,,,,,
Phf5a,Mye,Und,-2.457824967,1,4,,,,,,,,,,,,,,,,,,,,
Asf1a,Mye,Und,1.718368483,0,4,,,,,,,,,,,,,,,,,,,,
Setd6,Mye,Und,1.639653242,0,4,,,,,,,,,,,,,,,,,,,,
Prmt6,Mye,Und,1.410288062,0,4,,,,,,,,,,,,,,,,,,,,
Chd7,Mye,Und,1.339871895,0,4,,,,,,,,,,,,,,,,,,,,
Hmgb3,Mye,Und,1.331977843,0,4,,,,,,,,,,,,,,,,,,,,
Tsfm,Mye,Und,1.314823451,0,4,,,,,,,,,,,,,,,,,,,,
Baz1a,Mye,Und,1.282292799,0,4,,,,,,,,,,,,,,,,,,,,
Asf1b,Mye,Und,1.271570954,0,4,,,,,,,,,,,,,,,,,,,,
Setdb2,Mye,Und,1.180782832,0,4,,,,,,,,,,,,,,,,,,,,
Phf21a,Mye,Und,1.138488147,0,4,,,,,,,,,,,,,,,,,,,,
Kat2a,Mye,Und,1.11704643,0,4,,,,,,,,,,,,,,,,,,,,
Shprh,Mye,Und,0.983623041,0,4,,,,,,,,,,,,,,,,,,,,
Sp100,Mye,Und,0.847524137,0,4,,,,,,,,,,,,,,,,,,,,
Dnmt3b,Mye,Und,0.781562788,0,4,,,,,,,,,,,,,,,,,,,,
Cbx5,Mye,Und,0.77906022,0,4,,,,,,,,,,,,,,,,,,,,
Wbscr27,Mye,Und,0.648197953,0,4,,,,,,,,,,,,,,,,,,,,
Mbd5,Mye,Und,0.647471961,0,4,,,,,,,,,,,,,,,,,,,,
Sirt7,Mye,Und,0.585956164,0,4,,,,,,,,,,,,,,,,,,,,
Setbp1,Mye,Und,0.559842149,0,4,,,,,,,,,,,,,,,,,,,,
Hmg20a,Mye,Und,0.539662968,0,4,,,,,,,,,,,,,,,,,,,,
Carm1,Mye,Und,0.482726745,0,4,,,,,,,,,,,,,,,,,,,,
Cbx2,Mye,Und,0.462683613,0,4,,,,,,,,,,,,,,,,,,,,
Mtf2,Mye,Und,0.443055408,0,4,,,,,,,,,,,,,,,,,,,,
Hdac9,Mye,Und,0.415011439,0,4,,,,,,,,,,,,,,,,,,,,
Cbx4,Mye,Und,0.408438419,0,4,,,,,,,,,,,,,,,,,,,,
Kdm7a,Mye,Und,0.379644832,0,4,,,,,,,,,,,,,,,,,,,,
Cbx7,Mye,Und,0.351211914,0,4,,,,,,,,,,,,,,,,,,,,
Ehmt2,Mye,Und,0.323291756,0,4,,,,,,,,,,,,,,,,,,,,
Baz1b,Mye,Und,0.314205795,0,4,,,,,,,,,,,,,,,,,,,,
Snd1,Mye,Und,0.282737972,0,4,,,,,,,,,,,,,,,,,,,,
Nasp,Mye,Und,0.213110044,0,4,,,,,,,,,,,,,,,,,,,,
Phf1,Mye,Und,0.199695815,0,4,,,,,,,,,,,,,,,,,,,,
Cbx6,Mye,Und,0.195957293,0,4,,,,,,,,,,,,,,,,,,,,
Mllt6,Mye,Und,0.188152399,0,4,,,,,,,,,,,,,,,,,,,,
Suv420h1,Mye,Und,0.186385339,0,4,,,,,,,,,,,,,,,,,,,,
Mettl13,Mye,Und,0.175844288,0,4,,,,,,,,,,,,,,,,,,,,
Morf4l2,Mye,Und,0.140942064,0,4,,,,,,,,,,,,,,,,,,,,
Hat1,Mye,Und,0.097251483,0,4,,,,,,,,,,,,,,,,,,,,
Gatad2b,Mye,Und,0.086403248,0,4,,,,,,,,,,,,,,,,,,,,
Suv39h1,Mye,Und,0.083607812,0,4,,,,,,,,,,,,,,,,,,,,
Prmt7,Mye,Und,0.0822399,0,4,,,,,,,,,,,,,,,,,,,,
Hdac7,Mye,Und,0.041914187,0,4,,,,,,,,,,,,,,,,,,,,
Phc3,Mye,Und,0.040919344,0,4,,,,,,,,,,,,,,,,,,,,
Hdac4,Mye,Und,0.025566928,0,4,,,,,,,,,,,,,,,,,,,,
Kdm6b,Mye,Und,0.020246973,0,4,,,,,,,,,,,,,,,,,,,,
Hmgn1,Mye,Und,0.017852996,0,4,,,,,,,,,,,,,,,,,,,,
Mettl7a1,Mye,Und,-0.005811018,0,4,,,,,,,,,,,,,,,,,,,,
Sirt3,Mye,Und,-0.019442967,0,4,,,,,,,,,,,,,,,,,,,,
Trim28,Mye,Und,-0.019875799,0,4,,,,,,,,,,,,,,,,,,,,
Setd4,Mye,Und,-0.041256202,0,4,,,,,,,,,,,,,,,,,,,,
Prmt2,Mye,Und,-0.060692512,0,4,,,,,,,,,,,,,,,,,,,,
Sap30,Mye,Und,-0.070052066,0,4,,,,,,,,,,,,,,,,,,,,
Ncapd2,Mye,Und,-0.072902826,0,4,,,,,,,,,,,,,,,,,,,,
Phf6,Mye,Und,-0.115078281,0,4,,,,,,,,,,,,,,,,,,,,
Smyd2,Mye,Und,-0.189792664,0,4,,,,,,,,,,,,,,,,,,,,
Prmt5,Mye,Und,-0.220250213,0,4,,,,,,,,,,,,,,,,,,,,
Sirt5,Mye,Und,-0.320572712,0,4,,,,,,,,,,,,,,,,,,,,
Suv39h2,Mye,Und,-0.404181382,0,4,,,,,,,,,,,,,,,,,,,,
Tdrd7,Mye,Und,-0.40477388,0,4,,,,,,,,,,,,,,,,,,,,
Kdm8,Mye,Und,-0.478638905,0,4,,,,,,,,,,,,,,,,,,,,
Ehmt1,Mye,Und,-0.837853146,0,4,,,,,,,,,,,,,,,,,,,,
Kdm3a,Mye,Und,-0.965546223,0,4,,,,,,,,,,,,,,,,,,,,
Prmt1,Mye,Und,-1.20993067,0,4,,,,,,,,,,,,,,,,,,,,
Ncapd3,Mye,Und,-1.399565462,0,4,,,,,,,,,,,,,,,,,,,,
Smc4,Mye,Und,-1.477253558,0,4,,,,,,,,,,,,,,,,,,,,
Chmp2a,Mye,Und,-1.830682268,0,4,,,,,,,,,,,,,,,,,,,,
Kat6a,Mye,Und,4.88007393,3,3,,,,,,,,,,,,,,,,,,,,
Atf7ip,Mye,Und,4.82492727,3,3,,,,,,,,,,,,,,,,,,,,
Nipbl,Mye,Und,-3.43039442,3,3,,,,,,,,,,,,,,,,,,,,
Med31,Mye,Und,-3.855375287,3,3,,,,,,,,,,,,,,,,,,,,
Phb2,Mye,Und,-5.478949779,3,3,,,,,,,,,,,,,,,,,,,,
Med23,Mye,Und,3.07684129,2,3,,,,,,,,,,,,,,,,,,,,
Mbd1,Mye,Und,2.477617928,2,3,,,,,,,,,,,,,,,,,,,,
Rad21,Mye,Und,-3.187538222,2,3,,,,,,,,,,,,,,,,,,,,
Sap30bp,Mye,Und,-3.648268424,2,3,,,,,,,,,,,,,,,,,,,,
Mbtps1,Mye,Und,-4.191080777,2,3,,,,,,,,,,,,,,,,,,,,
Smc1a,Mye,Und,-4.708000465,2,3,,,,,,,,,,,,,,,,,,,,
Mbd6,Mye,Und,2.62831166,1,3,,,,,,,,,,,,,,,,,,,,
Chd1,Mye,Und,2.59635385,1,3,,,,,,,,,,,,,,,,,,,,
Mecom,Mye,Und,2.430330982,1,3,,,,,,,,,,,,,,,,,,,,
Sin3b,Mye,Und,2.391015078,1,3,,,,,,,,,,,,,,,,,,,,
Cited2,Mye,Und,2.38212077,1,3,,,,,,,,,,,,,,,,,,,,
Max,Mye,Und,2.370010301,1,3,,,,,,,,,,,,,,,,,,,,
Med9,Mye,Und,2.25701711,1,3,,,,,,,,,,,,,,,,,,,,
Pml,Mye,Und,2.244432326,1,3,,,,,,,,,,,,,,,,,,,,
Npm1,Mye,Und,2.233534705,1,3,,,,,,,,,,,,,,,,,,,,
Mdm4,Mye,Und,2.231717658,1,3,,,,,,,,,,,,,,,,,,,,
Morf4l1,Mye,Und,1.994976258,1,3,,,,,,,,,,,,,,,,,,,,
Pds5a,Mye,Und,1.888473671,1,3,,,,,,,,,,,,,,,,,,,,
Sap30l,Mye,Und,1.767182812,1,3,,,,,,,,,,,,,,,,,,,,
Mllt10,Mye,Und,1.696608295,1,3,,,,,,,,,,,,,,,,,,,,
Kdm2a,Mye,Und,1.562847554,1,3,,,,,,,,,,,,,,,,,,,,
Med24,Mye,Und,1.535966892,1,3,,,,,,,,,,,,,,,,,,,,
Psip1,Mye,Und,1.484666014,1,3,,,,,,,,,,,,,,,,,,,,
Phf20l1,Mye,Und,1.420442474,1,3,,,,,,,,,,,,,,,,,,,,
Setd2,Mye,Und,1.267885407,1,3,,,,,,,,,,,,,,,,,,,,
Rcor2,Mye,Und,1.23642709,1,3,,,,,,,,,,,,,,,,,,,,
Set,Mye,Und,0.558597057,1,3,,,,,,,,,,,,,,,,,,,,
Ncoa1,Mye,Und,-0.340588305,1,3,,,,,,,,,,,,,,,,,,,,
Med27,Mye,Und,-0.355782324,1,3,,,,,,,,,,,,,,,,,,,,
Kti12,Mye,Und,-0.765311587,1,3,,,,,,,,,,,,,,,,,,,,
Hdac6,Mye,Und,-1.104947234,1,3,,,,,,,,,,,,,,,,,,,,
Dhx8,Mye,Und,-1.175768507,1,3,,,,,,,,,,,,,,,,,,,,
Gtf3a,Mye,Und,-1.448298369,1,3,,,,,,,,,,,,,,,,,,,,
Mbtps2,Mye,Und,-1.549821474,1,3,,,,,,,,,,,,,,,,,,,,
Pwp1,Mye,Und,-1.853955421,1,3,,,,,,,,,,,,,,,,,,,,
Nfe2l2,Mye,Und,-1.920030466,1,3,,,,,,,,,,,,,,,,,,,,
Mybl2,Mye,Und,-2.070855906,1,3,,,,,,,,,,,,,,,,,,,,
Mau2,Mye,Und,-2.093192217,1,3,,,,,,,,,,,,,,,,,,,,
Med8,Mye,Und,-2.122154637,1,3,,,,,,,,,,,,,,,,,,,,
Med11,Mye,Und,-2.149858981,1,3,,,,,,,,,,,,,,,,,,,,
Atf4,Mye,Und,-2.274084865,1,3,,,,,,,,,,,,,,,,,,,,
Nfe2,Mye,Und,-2.320299495,1,3,,,,,,,,,,,,,,,,,,,,
Med6,Mye,Und,-2.358497811,1,3,,,,,,,,,,,,,,,,,,,,
Brd2,Mye,Und,-2.454353373,1,3,,,,,,,,,,,,,,,,,,,,
L3mbtl3,Mye,Und,-2.602012713,1,3,,,,,,,,,,,,,,,,,,,,
Rcc1,Mye,Und,-2.676758277,1,3,,,,,,,,,,,,,,,,,,,,
Crebbp,Mye,Und,-3.047517067,1,3,,,,,,,,,,,,,,,,,,,,
Brd4,Mye,Und,-3.145981823,1,3,,,,,,,,,,,,,,,,,,,,
Sap130,Mye,Und,-3.151197134,1,3,,,,,,,,,,,,,,,,,,,,
Phb,Mye,Und,-3.154461474,1,3,,,,,,,,,,,,,,,,,,,,
Hhex,Mye,Und,-3.190003232,1,3,,,,,,,,,,,,,,,,,,,,
Sap18,Mye,Und,2.350587358,0,3,,,,,,,,,,,,,,,,,,,,
Hmgxb4,Mye,Und,2.036296152,0,3,,,,,,,,,,,,,,,,,,,,
Gatad1,Mye,Und,1.968168839,0,3,,,,,,,,,,,,,,,,,,,,
Smc5,Mye,Und,1.884899082,0,3,,,,,,,,,,,,,,,,,,,,
Nmi,Mye,Und,1.881330016,0,3,,,,,,,,,,,,,,,,,,,,
Suv420h2,Mye,Und,1.85895877,0,3,,,,,,,,,,,,,,,,,,,,
Pttg1,Mye,Und,1.853113443,0,3,,,,,,,,,,,,,,,,,,,,
Kat7,Mye,Und,1.780290173,0,3,,,,,,,,,,,,,,,,,,,,
Chmp2b,Mye,Und,1.751904712,0,3,,,,,,,,,,,,,,,,,,,,
Rbl1,Mye,Und,1.660932358,0,3,,,,,,,,,,,,,,,,,,,,
Tcf7l2,Mye,Und,1.639304187,0,3,,,,,,,,,,,,,,,,,,,,
Ing5,Mye,Und,1.617254054,0,3,,,,,,,,,,,,,,,,,,,,
Setd5,Mye,Und,1.585490996,0,3,,,,,,,,,,,,,,,,,,,,
Pias1,Mye,Und,1.584703481,0,3,,,,,,,,,,,,,,,,,,,,
Hoxa9,Mye,Und,1.578099018,0,3,,,,,,,,,,,,,,,,,,,,
Mysm1,Mye,Und,1.570042406,0,3,,,,,,,,,,,,,,,,,,,,
Hmg20b,Mye,Und,1.51368836,0,3,,,,,,,,,,,,,,,,,,,,
Brd3,Mye,Und,1.433303553,0,3,,,,,,,,,,,,,,,,,,,,
Hoxa7,Mye,Und,1.423437465,0,3,,,,,,,,,,,,,,,,,,,,
Asxl2,Mye,Und,1.40017013,0,3,,,,,,,,,,,,,,,,,,,,
Nabp1,Mye,Und,1.395185664,0,3,,,,,,,,,,,,,,,,,,,,
Pprc1,Mye,Und,1.33007849,0,3,,,,,,,,,,,,,,,,,,,,
Phf19,Mye,Und,1.326867309,0,3,,,,,,,,,,,,,,,,,,,,
Mier2,Mye,Und,1.320851001,0,3,,,,,,,,,,,,,,,,,,,,
Med15,Mye,Und,1.31958321,0,3,,,,,,,,,,,,,,,,,,,,
Phc1,Mye,Und,1.285739768,0,3,,,,,,,,,,,,,,,,,,,,
Msl3l2,Mye,Und,1.281994685,0,3,,,,,,,,,,,,,,,,,,,,
Hmgn5,Mye,Und,1.248324355,0,3,,,,,,,,,,,,,,,,,,,,
Padi4,Mye,Und,1.2363273,0,3,,,,,,,,,,,,,,,,,,,,
Phf11b,Mye,Und,1.229886352,0,3,,,,,,,,,,,,,,,,,,,,
Zkscan17,Mye,Und,1.21389695,0,3,,,,,,,,,,,,,,,,,,,,
Mdm2,Mye,Und,1.203336947,0,3,,,,,,,,,,,,,,,,,,,,
Meis1,Mye,Und,1.180215942,0,3,,,,,,,,,,,,,,,,,,,,
Brdt,Mye,Und,1.174160995,0,3,,,,,,,,,,,,,,,,,,,,
Lrrfip2,Mye,Und,1.172151283,0,3,,,,,,,,,,,,,,,,,,,,
Sox4,Mye,Und,1.164165947,0,3,,,,,,,,,,,,,,,,,,,,
Mybl1,Mye,Und,1.149026195,0,3,,,,,,,,,,,,,,,,,,,,
Ppargc1b,Mye,Und,1.102571272,0,3,,,,,,,,,,,,,,,,,,,,
Smc6,Mye,Und,1.087285654,0,3,,,,,,,,,,,,,,,,,,,,
Smchd1,Mye,Und,1.079978866,0,3,,,,,,,,,,,,,,,,,,,,
Myef2,Mye,Und,1.074887695,0,3,,,,,,,,,,,,,,,,,,,,
Nr1d1,Mye,Und,1.057413961,0,3,,,,,,,,,,,,,,,,,,,,
Msl1,Mye,Und,1.053559195,0,3,,,,,,,,,,,,,,,,,,,,
Mllt11,Mye,Und,1.04999628,0,3,,,,,,,,,,,,,,,,,,,,
Med29,Mye,Und,1.022729817,0,3,,,,,,,,,,,,,,,,,,,,
Mycbp2,Mye,Und,0.998500991,0,3,,,,,,,,,,,,,,,,,,,,
Mllt1,Mye,Und,0.981595906,0,3,,,,,,,,,,,,,,,,,,,,
Cir1,Mye,Und,0.970678185,0,3,,,,,,,,,,,,,,,,,,,,
Jdp2,Mye,Und,0.970508339,0,3,,,,,,,,,,,,,,,,,,,,
Mdfi,Mye,Und,0.952732905,0,3,,,,,,,,,,,,,,,,,,,,
Med12,Mye,Und,0.938129585,0,3,,,,,,,,,,,,,,,,,,,,
Mllt3,Mye,Und,0.934078389,0,3,,,,,,,,,,,,,,,,,,,,
Phf7,Mye,Und,0.932287465,0,3,,,,,,,,,,,,,,,,,,,,
Ncoa7,Mye,Und,0.930310598,0,3,,,,,,,,,,,,,,,,,,,,
Sap25,Mye,Und,0.929260157,0,3,,,,,,,,,,,,,,,,,,,,
Sox12,Mye,Und,0.923562173,0,3,,,,,,,,,,,,,,,,,,,,
Kdm4a,Mye,Und,0.900141453,0,3,,,,,,,,,,,,,,,,,,,,
Baz2b,Mye,Und,0.880493477,0,3,,,,,,,,,,,,,,,,,,,,
Ciita,Mye,Und,0.872012291,0,3,,,,,,,,,,,,,,,,,,,,
Stat5a,Mye,Und,0.858285623,0,3,,,,,,,,,,,,,,,,,,,,
Smyd5,Mye,Und,0.856276448,0,3,,,,,,,,,,,,,,,,,,,,
Hdac11,Mye,Und,0.842111235,0,3,,,,,,,,,,,,,,,,,,,,
Pcgf2,Mye,Und,0.824541242,0,3,,,,,,,,,,,,,,,,,,,,
Setx,Mye,Und,0.818548321,0,3,,,,,,,,,,,,,,,,,,,,
Cxxc5,Mye,Und,0.815141383,0,3,,,,,,,,,,,,,,,,,,,,
Med16,Mye,Und,0.810095748,0,3,,,,,,,,,,,,,,,,,,,,
Phf8,Mye,Und,0.808652308,0,3,,,,,,,,,,,,,,,,,,,,
Tle2,Mye,Und,0.786336844,0,3,,,,,,,,,,,,,,,,,,,,
Kdm2b,Mye,Und,0.783731361,0,3,,,,,,,,,,,,,,,,,,,,
Ankra2,Mye,Und,0.7828868,0,3,,,,,,,,,,,,,,,,,,,,
Mettl23,Mye,Und,0.780297057,0,3,,,,,,,,,,,,,,,,,,,,
Nab2,Mye,Und,0.763331065,0,3,,,,,,,,,,,,,,,,,,,,
Hmgn3,Mye,Und,0.762486272,0,3,,,,,,,,,,,,,,,,,,,,
Med13,Mye,Und,0.736263375,0,3,,,,,,,,,,,,,,,,,,,,
Brd8,Mye,Und,0.725466427,0,3,,,,,,,,,,,,,,,,,,,,
Hmga2,Mye,Und,0.723421264,0,3,,,,,,,,,,,,,,,,,,,,
Ctbp2,Mye,Und,0.711776484,0,3,,,,,,,,,,,,,,,,,,,,
Pds5b,Mye,Und,0.705423469,0,3,,,,,,,,,,,,,,,,,,,,
Med19,Mye,Und,0.701691017,0,3,,,,,,,,,,,,,,,,,,,,
Hirip3,Mye,Und,0.692437734,0,3,,,,,,,,,,,,,,,,,,,,
Nap1l1,Mye,Und,0.685402439,0,3,,,,,,,,,,,,,,,,,,,,
Per1,Mye,Und,0.682574599,0,3,,,,,,,,,,,,,,,,,,,,
Nsd1,Mye,Und,0.661974219,0,3,,,,,,,,,,,,,,,,,,,,
Med28,Mye,Und,0.660580931,0,3,,,,,,,,,,,,,,,,,,,,
Fos,Mye,Und,0.649302729,0,3,,,,,,,,,,,,,,,,,,,,
Mllt4,Mye,Und,0.630197969,0,3,,,,,,,,,,,,,,,,,,,,
Chd8,Mye,Und,0.622269826,0,3,,,,,,,,,,,,,,,,,,,,
Phf23,Mye,Und,0.618193832,0,3,,,,,,,,,,,,,,,,,,,,
Nfix,Mye,Und,0.61675253,0,3,,,,,,,,,,,,,,,,,,,,
Mettl5,Mye,Und,0.614017851,0,3,,,,,,,,,,,,,,,,,,,,
Lbr,Mye,Und,0.595734605,0,3,,,,,,,,,,,,,,,,,,,,
Phf3,Mye,Und,0.588818583,0,3,,,,,,,,,,,,,,,,,,,,
Pygo2,Mye,Und,0.581041315,0,3,,,,,,,,,,,,,,,,,,,,
Kat5,Mye,Und,0.558937153,0,3,,,,,,,,,,,,,,,,,,,,
Pbx2,Mye,Und,0.555920969,0,3,,,,,,,,,,,,,,,,,,,,
Nap1l4,Mye,Und,0.509489469,0,3,,,,,,,,,,,,,,,,,,,,
Mbd4,Mye,Und,0.504300891,0,3,,,,,,,,,,,,,,,,,,,,
Bhlhe40,Mye,Und,0.503597059,0,3,,,,,,,,,,,,,,,,,,,,
Hmgxb3,Mye,Und,0.49569622,0,3,,,,,,,,,,,,,,,,,,,,
Pnrc2,Mye,Und,0.493684518,0,3,,,,,,,,,,,,,,,,,,,,
Med13l,Mye,Und,0.492546074,0,3,,,,,,,,,,,,,,,,,,,,
Phf12,Mye,Und,0.486801809,0,3,,,,,,,,,,,,,,,,,,,,
Msl3,Mye,Und,0.482229852,0,3,,,,,,,,,,,,,,,,,,,,
Med10,Mye,Und,0.477386424,0,3,,,,,,,,,,,,,,,,,,,,
Ncaph,Mye,Und,0.476561206,0,3,,,,,,,,,,,,,,,,,,,,
Maml1,Mye,Und,0.471230898,0,3,,,,,,,,,,,,,,,,,,,,
Mbtd1,Mye,Und,0.459884819,0,3,,,,,,,,,,,,,,,,,,,,
Spib,Mye,Und,0.459489196,0,3,,,,,,,,,,,,,,,,,,,,
Litaf,Mye,Und,0.459335569,0,3,,,,,,,,,,,,,,,,,,,,
Kdm3b,Mye,Und,0.4590349,0,3,,,,,,,,,,,,,,,,,,,,
Myc,Mye,Und,0.450687744,0,3,,,,,,,,,,,,,,,,,,,,
Kdm5c,Mye,Und,0.449014791,0,3,,,,,,,,,,,,,,,,,,,,
Cbx8,Mye,Und,0.438614277,0,3,,,,,,,,,,,,,,,,,,,,
Gatad2a,Mye,Und,0.435378729,0,3,,,,,,,,,,,,,,,,,,,,
Ing2,Mye,Und,0.413633088,0,3,,,,,,,,,,,,,,,,,,,,
Irf9,Mye,Und,0.408967516,0,3,,,,,,,,,,,,,,,,,,,,
Hoxb4,Mye,Und,0.406282897,0,3,,,,,,,,,,,,,,,,,,,,
Ddit3,Mye,Und,0.402666614,0,3,,,,,,,,,,,,,,,,,,,,
Pou2af1,Mye,Und,0.389261317,0,3,,,,,,,,,,,,,,,,,,,,
Lrrfip1,Mye,Und,0.38909666,0,3,,,,,,,,,,,,,,,,,,,,
Pnrc1,Mye,Und,0.379382132,0,3,,,,,,,,,,,,,,,,,,,,
Chmp1a,Mye,Und,0.379178333,0,3,,,,,,,,,,,,,,,,,,,,
Atf2,Mye,Und,0.361007966,0,3,,,,,,,,,,,,,,,,,,,,
Mycbp,Mye,Und,0.336194654,0,3,,,,,,,,,,,,,,,,,,,,
Jarid2,Mye,Und,0.334882132,0,3,,,,,,,,,,,,,,,,,,,,
Wapal,Mye,Und,0.334340116,0,3,,,,,,,,,,,,,,,,,,,,
Ncaph2,Mye,Und,0.332823042,0,3,,,,,,,,,,,,,,,,,,,,
Mphosph8,Mye,Und,0.327885304,0,3,,,,,,,,,,,,,,,,,,,,
Bcl6,Mye,Und,0.318795882,0,3,,,,,,,,,,,,,,,,,,,,
Phf2,Mye,Und,0.314929425,0,3,,,,,,,,,,,,,,,,,,,,
Rbbp8,Mye,Und,0.302196897,0,3,,,,,,,,,,,,,,,,,,,,
Zfp771,Mye,Und,0.299034186,0,3,,,,,,,,,,,,,,,,,,,,
Nono,Mye,Und,0.29185099,0,3,,,,,,,,,,,,,,,,,,,,
Etv6,Mye,Und,0.280605547,0,3,,,,,,,,,,,,,,,,,,,,
Rcor3,Mye,Und,0.26866771,0,3,,,,,,,,,,,,,,,,,,,,
Irf4,Mye,Und,0.257808933,0,3,,,,,,,,,,,,,,,,,,,,
Kat2b,Mye,Und,0.24795953,0,3,,,,,,,,,,,,,,,,,,,,
Pmf1,Mye,Und,0.240194668,0,3,,,,,,,,,,,,,,,,,,,,
Pcgf5,Mye,Und,0.230825584,0,3,,,,,,,,,,,,,,,,,,,,
Ldb1,Mye,Und,0.230687591,0,3,,,,,,,,,,,,,,,,,,,,
Irf2,Mye,Und,0.214611704,0,3,,,,,,,,,,,,,,,,,,,,
Hmbox1,Mye,Und,0.201508264,0,3,,,,,,,,,,,,,,,,,,,,
Irf1,Mye,Und,0.201400396,0,3,,,,,,,,,,,,,,,,,,,,
Prmt10,Mye,Und,0.199645955,0,3,,,,,,,,,,,,,,,,,,,,
Mecp2,Mye,Und,0.197524917,0,3,,,,,,,,,,,,,,,,,,,,
Mettl4,Mye,Und,0.192864594,0,3,,,,,,,,,,,,,,,,,,,,
Phc2,Mye,Und,0.191688425,0,3,,,,,,,,,,,,,,,,,,,,
Irf8,Mye,Und,0.187060151,0,3,,,,,,,,,,,,,,,,,,,,
Atf7,Mye,Und,0.183154061,0,3,,,,,,,,,,,,,,,,,,,,
Hmgb2,Mye,Und,0.183085261,0,3,,,,,,,,,,,,,,,,,,,,
Klf4,Mye,Und,0.169483958,0,3,,,,,,,,,,,,,,,,,,,,
Sirt4,Mye,Und,0.165558829,0,3,,,,,,,,,,,,,,,,,,,,
Sirt2,Mye,Und,0.164799188,0,3,,,,,,,,,,,,,,,,,,,,
Batf3,Mye,Und,0.163450991,0,3,,,,,,,,,,,,,,,,,,,,
Smyd4,Mye,Und,0.159330182,0,3,,,,,,,,,,,,,,,,,,,,
Ing1,Mye,Und,0.158071124,0,3,,,,,,,,,,,,,,,,,,,,
Runx2,Mye,Und,0.13433471,0,3,,,,,,,,,,,,,,,,,,,,
Klf10,Mye,Und,0.130413132,0,3,,,,,,,,,,,,,,,,,,,,
Pqbp1,Mye,Und,0.129984811,0,3,,,,,,,,,,,,,,,,,,,,
Pias3,Mye,Und,0.128561149,0,3,,,,,,,,,,,,,,,,,,,,
Nab1,Mye,Und,0.11621748,0,3,,,,,,,,,,,,,,,,,,,,
Elf2,Mye,Und,0.115730162,0,3,,,,,,,,,,,,,,,,,,,,
Cebpg,Mye,Und,0.112159534,0,3,,,,,,,,,,,,,,,,,,,,
Atf5,Mye,Und,0.108507099,0,3,,,,,,,,,,,,,,,,,,,,
Kdm4c,Mye,Und,0.108031726,0,3,,,,,,,,,,,,,,,,,,,,
Asxl1,Mye,Und,0.087228508,0,3,,,,,,,,,,,,,,,,,,,,
Nfil3,Mye,Und,0.074053117,0,3,,,,,,,,,,,,,,,,,,,,
Cbx1,Mye,Und,0.05151431,0,3,,,,,,,,,,,,,,,,,,,,
Nfia,Mye,Und,0.049632823,0,3,,,,,,,,,,,,,,,,,,,,
Spic,Mye,Und,0.049335554,0,3,,,,,,,,,,,,,,,,,,,,
Hlf,Mye,Und,0.048283212,0,3,,,,,,,,,,,,,,,,,,,,
Cited4,Mye,Und,0.043173065,0,3,,,,,,,,,,,,,,,,,,,,
Kdm4b,Mye,Und,0.042032664,0,3,,,,,,,,,,,,,,,,,,,,
Lmo4,Mye,Und,0.037204673,0,3,,,,,,,,,,,,,,,,,,,,
Mta1,Mye,Und,0.035888519,0,3,,,,,,,,,,,,,,,,,,,,
Elf1,Mye,Und,0.03221842,0,3,,,,,,,,,,,,,,,,,,,,
Mier1,Mye,Und,0.020947008,0,3,,,,,,,,,,,,,,,,,,,,
Arid3a,Mye,Und,0.017123137,0,3,,,,,,,,,,,,,,,,,,,,
Ets1,Mye,Und,0.006447429,0,3,,,,,,,,,,,,,,,,,,,,
Hoxa3,Mye,Und,0.00223479,0,3,,,,,,,,,,,,,,,,,,,,
Sirt6,Mye,Und,-0.001661543,0,3,,,,,,,,,,,,,,,,,,,,
Nfic,Mye,Und,-0.003192147,0,3,,,,,,,,,,,,,,,,,,,,
Hoxa5,Mye,Und,-0.00820402,0,3,,,,,,,,,,,,,,,,,,,,
Cebpe,Mye,Und,-0.014090453,0,3,,,,,,,,,,,,,,,,,,,,
Nfrkb,Mye,Und,-0.038820125,0,3,,,,,,,,,,,,,,,,,,,,
Pole3,Mye,Und,-0.052446215,0,3,,,,,,,,,,,,,,,,,,,,
Hmga1,Mye,Und,-0.069858442,0,3,,,,,,,,,,,,,,,,,,,,
Baz2a,Mye,Und,-0.083767124,0,3,,,,,,,,,,,,,,,,,,,,
Hira,Mye,Und,-0.094125223,0,3,,,,,,,,,,,,,,,,,,,,
Gfi1,Mye,Und,-0.108824783,0,3,,,,,,,,,,,,,,,,,,,,
Ncoa3,Mye,Und,-0.119436036,0,3,,,,,,,,,,,,,,,,,,,,
Paxbp1,Mye,Und,-0.130659211,0,3,,,,,,,,,,,,,,,,,,,,
Creb3l2,Mye,Und,-0.141830509,0,3,,,,,,,,,,,,,,,,,,,,
Klf1,Mye,Und,-0.145964999,0,3,,,,,,,,,,,,,,,,,,,,
Pbx4,Mye,Und,-0.15131113,0,3,,,,,,,,,,,,,,,,,,,,
Gabpa,Mye,Und,-0.153392662,0,3,,,,,,,,,,,,,,,,,,,,
Notch2,Mye,Und,-0.153487114,0,3,,,,,,,,,,,,,,,,,,,,
Rora,Mye,Und,-0.154869157,0,3,,,,,,,,,,,,,,,,,,,,
Ing3,Mye,Und,-0.172474125,0,3,,,,,,,,,,,,,,,,,,,,
Zfp276,Mye,Und,-0.178366093,0,3,,,,,,,,,,,,,,,,,,,,
Pura,Mye,Und,-0.191773224,0,3,,,,,,,,,,,,,,,,,,,,
Ing4,Mye,Und,-0.193543669,0,3,,,,,,,,,,,,,,,,,,,,
Zfp467,Mye,Und,-0.194891331,0,3,,,,,,,,,,,,,,,,,,,,
Zfp422,Mye,Und,-0.200109657,0,3,,,,,,,,,,,,,,,,,,,,
Ncoa4,Mye,Und,-0.202925889,0,3,,,,,,,,,,,,,,,,,,,,
Arid3b,Mye,Und,-0.224423943,0,3,,,,,,,,,,,,,,,,,,,,
Klf9,Mye,Und,-0.226729217,0,3,,,,,,,,,,,,,,,,,,,,
Pa2g4,Mye,Und,-0.229936829,0,3,,,,,,,,,,,,,,,,,,,,
Per2,Mye,Und,-0.23797232,0,3,,,,,,,,,,,,,,,,,,,,
Per3,Mye,Und,-0.23942156,0,3,,,,,,,,,,,,,,,,,,,,
Ptov1,Mye,Und,-0.251709745,0,3,,,,,,,,,,,,,,,,,,,,
Elk4,Mye,Und,-0.254411104,0,3,,,,,,,,,,,,,,,,,,,,
Rxra,Mye,Und,-0.262536684,0,3,,,,,,,,,,,,,,,,,,,,
Atf6b,Mye,Und,-0.263969417,0,3,,,,,,,,,,,,,,,,,,,,
Thra,Mye,Und,-0.266011423,0,3,,,,,,,,,,,,,,,,,,,,
Mafb,Mye,Und,-0.267504203,0,3,,,,,,,,,,,,,,,,,,,,
Irf7,Mye,Und,-0.27678381,0,3,,,,,,,,,,,,,,,,,,,,
Hmgb1,Mye,Und,-0.277985522,0,3,,,,,,,,,,,,,,,,,,,,
Gon4l,Mye,Und,-0.279615888,0,3,,,,,,,,,,,,,,,,,,,,
Jmjd1c,Mye,Und,-0.282473529,0,3,,,,,,,,,,,,,,,,,,,,
Mdfic,Mye,Und,-0.286945668,0,3,,,,,,,,,,,,,,,,,,,,
Chd6,Mye,Und,-0.287456487,0,3,,,,,,,,,,,,,,,,,,,,
Kdm1b,Mye,Und,-0.290496734,0,3,,,,,,,,,,,,,,,,,,,,
Pbx1,Mye,Und,-0.295889282,0,3,,,,,,,,,,,,,,,,,,,,
Elk3,Mye,Und,-0.305048136,0,3,,,,,,,,,,,,,,,,,,,,
Eya3,Mye,Und,-0.308567203,0,3,,,,,,,,,,,,,,,,,,,,
Ncapg,Mye,Und,-0.314494396,0,3,,,,,,,,,,,,,,,,,,,,
Med20,Mye,Und,-0.327878474,0,3,,,,,,,,,,,,,,,,,,,,
Lmo1,Mye,Und,-0.373942451,0,3,,,,,,,,,,,,,,,,,,,,
Med17,Mye,Und,-0.403227766,0,3,,,,,,,,,,,,,,,,,,,,
Rbl2,Mye,Und,-0.408512768,0,3,,,,,,,,,,,,,,,,,,,,
Vav1,Mye,Und,-0.409342257,0,3,,,,,,,,,,,,,,,,,,,,
Irf5,Mye,Und,-0.414591946,0,3,,,,,,,,,,,,,,,,,,,,
Mycn,Mye,Und,-0.415777583,0,3,,,,,,,,,,,,,,,,,,,,
Egr1,Mye,Und,-0.424989762,0,3,,,,,,,,,,,,,,,,,,,,
Kat6b,Mye,Und,-0.473373196,0,3,,,,,,,,,,,,,,,,,,,,
Maml2,Mye,Und,-0.479001944,0,3,,,,,,,,,,,,,,,,,,,,
Satb1,Mye,Und,-0.511957379,0,3,,,,,,,,,,,,,,,,,,,,
Med25,Mye,Und,-0.523513922,0,3,,,,,,,,,,,,,,,,,,,,
Zfp516,Mye,Und,-0.533246101,0,3,,,,,,,,,,,,,,,,,,,,
Rbpj,Mye,Und,-0.533725737,0,3,,,,,,,,,,,,,,,,,,,,
Bach1,Mye,Und,-0.574530575,0,3,,,,,,,,,,,,,,,,,,,,
Phf14,Mye,Und,-0.590709479,0,3,,,,,,,,,,,,,,,,,,,,
Runx3,Mye,Und,-0.594058986,0,3,,,,,,,,,,,,,,,,,,,,
Sirt1,Mye,Und,-0.598262772,0,3,,,,,,,,,,,,,,,,,,,,
Hdac5,Mye,Und,-0.60260007,0,3,,,,,,,,,,,,,,,,,,,,
Ncoa2,Mye,Und,-0.603183806,0,3,,,,,,,,,,,,,,,,,,,,
Atf1,Mye,Und,-0.615404047,0,3,,,,,,,,,,,,,,,,,,,,
Pcgf6,Mye,Und,-0.617620628,0,3,,,,,,,,,,,,,,,,,,,,
Pdcd2,Mye,Und,-0.669457063,0,3,,,,,,,,,,,,,,,,,,,,
Klf5,Mye,Und,-0.68830118,0,3,,,,,,,,,,,,,,,,,,,,
Med7,Mye,Und,-0.694428278,0,3,,,,,,,,,,,,,,,,,,,,
Ncoa5,Mye,Und,-0.704437538,0,3,,,,,,,,,,,,,,,,,,,,
Zfp366,Mye,Und,-0.710981878,0,3,,,,,,,,,,,,,,,,,,,,
Klf2,Mye,Und,-0.719443439,0,3,,,,,,,,,,,,,,,,,,,,
Hes6,Mye,Und,-0.727725368,0,3,,,,,,,,,,,,,,,,,,,,
Pias2,Mye,Und,-0.729623257,0,3,,,,,,,,,,,,,,,,,,,,
Pou2f2,Mye,Und,-0.736461095,0,3,,,,,,,,,,,,,,,,,,,,
Nr1h3,Mye,Und,-0.738355907,0,3,,,,,,,,,,,,,,,,,,,,
Trps1,Mye,Und,-0.764950476,0,3,,,,,,,,,,,,,,,,,,,,
Mafk,Mye,Und,-0.766574046,0,3,,,,,,,,,,,,,,,,,,,,
Cux1,Mye,Und,-0.773401421,0,3,,,,,,,,,,,,,,,,,,,,
Ahctf1,Mye,Und,-0.779165,0,3,,,,,,,,,,,,,,,,,,,,
Junb,Mye,Und,-0.787710514,0,3,,,,,,,,,,,,,,,,,,,,
Znhit3,Mye,Und,-0.804106074,0,3,,,,,,,,,,,,,,,,,,,,
Bbx,Mye,Und,-0.863103121,0,3,,,,,,,,,,,,,,,,,,,,
Pcgf3,Mye,Und,-0.869672833,0,3,,,,,,,,,,,,,,,,,,,,
Nfe2l1,Mye,Und,-0.87296769,0,3,,,,,,,,,,,,,,,,,,,,
Tcf3,Mye,Und,-0.889698672,0,3,,,,,,,,,,,,,,,,,,,,
Dach1,Mye,Und,-0.899826397,0,3,,,,,,,,,,,,,,,,,,,,
Zfp710,Mye,Und,-0.903122875,0,3,,,,,,,,,,,,,,,,,,,,
Irf3,Mye,Und,-0.903467683,0,3,,,,,,,,,,,,,,,,,,,,
Rbx1,Mye,Und,-0.905282263,0,3,,,,,,,,,,,,,,,,,,,,
Ppie,Mye,Und,-0.910586585,0,3,,,,,,,,,,,,,,,,,,,,
Med26,Mye,Und,-0.916089407,0,3,,,,,,,,,,,,,,,,,,,,
Elf4,Mye,Und,-0.933511714,0,3,,,,,,,,,,,,,,,,,,,,
Purb,Mye,Und,-0.938501187,0,3,,,,,,,,,,,,,,,,,,,,
Med21,Mye,Und,-1.016612229,0,3,,,,,,,,,,,,,,,,,,,,
Nabp2,Mye,Und,-1.018022502,0,3,,,,,,,,,,,,,,,,,,,,
Mier3,Mye,Und,-1.042051754,0,3,,,,,,,,,,,,,,,,,,,,
Pias4,Mye,Und,-1.045239952,0,3,,,,,,,,,,,,,,,,,,,,
Tal1,Mye,Und,-1.059257391,0,3,,,,,,,,,,,,,,,,,,,,
L3mbtl2,Mye,Und,-1.101152495,0,3,,,,,,,,,,,,,,,,,,,,
Gtf2a1,Mye,Und,-1.114002579,0,3,,,,,,,,,,,,,,,,,,,,
Cebpb,Mye,Und,-1.126644811,0,3,,,,,,,,,,,,,,,,,,,,
Hdac8,Mye,Und,-1.138866722,0,3,,,,,,,,,,,,,,,,,,,,
Runx1,Mye,Und,-1.156960976,0,3,,,,,,,,,,,,,,,,,,,,
Med4,Mye,Und,-1.214059742,0,3,,,,,,,,,,,,,,,,,,,,
Ets2,Mye,Und,-1.219603515,0,3,,,,,,,,,,,,,,,,,,,,
Med18,Mye,Und,-1.247645436,0,3,,,,,,,,,,,,,,,,,,,,
Med1,Mye,Und,-1.257109049,0,3,,,,,,,,,,,,,,,,,,,,
Psmc3,Mye,Und,-1.258796239,0,3,,,,,,,,,,,,,,,,,,,,
Arid4b,Mye,Und,-1.261343486,0,3,,,,,,,,,,,,,,,,,,,,
Brd1,Mye,Und,-1.273056685,0,3,,,,,,,,,,,,,,,,,,,,
Gltscr2,Mye,Und,-1.283332134,0,3,,,,,,,,,,,,,,,,,,,,
Sin3a,Mye,Und,-1.285136496,0,3,,,,,,,,,,,,,,,,,,,,
Phf20,Mye,Und,-1.314078749,0,3,,,,,,,,,,,,,,,,,,,,
Atf6,Mye,Und,-1.339769582,0,3,,,,,,,,,,,,,,,,,,,,
Med22,Mye,Und,-1.351336345,0,3,,,,,,,,,,,,,,,,,,,,
Mybbp1a,Mye,Und,-1.385032444,0,3,,,,,,,,,,,,,,,,,,,,
Med14,Mye,Und,-1.390095289,0,3,,,,,,,,,,,,,,,,,,,,
Stag1,Mye,Und,-1.402228443,0,3,,,,,,,,,,,,,,,,,,,,
Naca,Mye,Und,-1.435880223,0,3,,,,,,,,,,,,,,,,,,,,
Gtf2h3,Mye,Und,-1.478714162,0,3,,,,,,,,,,,,,,,,,,,,
Chd9,Mye,Und,-1.491828376,0,3,,,,,,,,,,,,,,,,,,,,
Stat2,Mye,Und,-1.545870881,0,3,,,,,,,,,,,,,,,,,,,,
Kdm6a,Mye,Und,-1.561307697,0,3,,,,,,,,,,,,,,,,,,,,
Erg,Mye,Und,-1.617454798,0,3,,,,,,,,,,,,,,,,,,,,
Myb,Mye,Und,-1.637495482,0,3,,,,,,,,,,,,,,,,,,,,
Preb,Mye,Und,-1.980511005,0,3,,,,,,,,,,,,,,,,,,,,
Cebpz,Mye,Und,-2.139170045,0,3,,,,,,,,,,,,,,,,,,,,
Gtf2h4,Mye,Und,-2.283009415,0,3,,,,,,,,,,,,,,,,,,,,
Phf11a,Mye,Und,0.34014997,0,2,,,,,,,,,,,,,,,,,,,,
Gata2,cKit,LSKd9,-1.409629665,5,13,,,,,,,,,,,,,,,,,,,,
Spi1,cKit,LSKd9,0.731615179,3,13,,,,,,,,,,,,,,,,,,,,
Cebpa,cKit,LSKd9,-1.246853657,2,13,,,,,,,,,,,,,,,,,,,,
Pax5,cKit,LSKd9,0.088113985,0,13,,,,,,,,,,,,,,,,,,,,
Gata1,cKit,LSKd9,1.83469323,2,10,,,,,,,,,,,,,,,,,,,,
Mbd2,cKit,LSKd9,0.9588534,2,10,,,,,,,,,,,,,,,,,,,,
Ezh2,cKit,LSKd9,1.45382375,1,10,,,,,,,,,,,,,,,,,,,,
Ebf1,cKit,LSKd9,0.841881577,0,10,,,,,,,,,,,,,,,,,,,,
Zfpm1,cKit,LSKd9,0.502652527,0,10,,,,,,,,,,,,,,,,,,,,
Dpy30,cKit,LSKd9,-3.184083698,6,6,,,,,,,,,,,,,,,,,,,,
Hdac3,cKit,LSKd9,-3.643351287,6,6,,,,,,,,,,,,,,,,,,,,
Rbbp5,cKit,LSKd9,-5.455520274,6,6,,,,,,,,,,,,,,,,,,,,
Ash2l,cKit,LSKd9,-5.715409317,6,6,,,,,,,,,,,,,,,,,,,,
Cxxc1,cKit,LSKd9,-3.554028934,5,6,,,,,,,,,,,,,,,,,,,,
Wdr5,cKit,LSKd9,-4.523421168,5,6,,,,,,,,,,,,,,,,,,,,
Hcfc1,cKit,LSKd9,-4.672676476,5,6,,,,,,,,,,,,,,,,,,,,
Bcl11a,cKit,LSKd9,3.14717844,4,6,,,,,,,,,,,,,,,,,,,,
Setd1b,cKit,LSKd9,-2.928337465,4,6,,,,,,,,,,,,,,,,,,,,
Nup85,cKit,LSKd9,-3.045242734,4,6,,,,,,,,,,,,,,,,,,,,
Wdr82,cKit,LSKd9,-3.505513976,4,6,,,,,,,,,,,,,,,,,,,,
Smarca5,cKit,LSKd9,-3.524527788,4,6,,,,,,,,,,,,,,,,,,,,
Kdm1a,cKit,LSKd9,-3.758589055,4,6,,,,,,,,,,,,,,,,,,,,
Kmt2d,cKit,LSKd9,2.182299202,3,6,,,,,,,,,,,,,,,,,,,,
Ss18,cKit,LSKd9,2.151082332,3,6,,,,,,,,,,,,,,,,,,,,
Gltscr1l,cKit,LSKd9,1.977018147,3,6,,,,,,,,,,,,,,,,,,,,
Smarcb1,cKit,LSKd9,-1.703837897,3,6,,,,,,,,,,,,,,,,,,,,
Kmt2b,cKit,LSKd9,-2.302513474,3,6,,,,,,,,,,,,,,,,,,,,
Paxip1,cKit,LSKd9,-2.394952853,3,6,,,,,,,,,,,,,,,,,,,,
Chd4,cKit,LSKd9,-3.738319925,3,6,,,,,,,,,,,,,,,,,,,,
Smarcc2,cKit,LSKd9,1.86922766,2,6,,,,,,,,,,,,,,,,,,,,
Smarcc1,cKit,LSKd9,1.106254715,2,6,,,,,,,,,,,,,,,,,,,,
Kmt2a,cKit,LSKd9,1.011386987,2,6,,,,,,,,,,,,,,,,,,,,
Ss18l1,cKit,LSKd9,0.903073442,2,6,,,,,,,,,,,,,,,,,,,,
Brd9,cKit,LSKd9,-1.795227045,2,6,,,,,,,,,,,,,,,,,,,,
Rbbp4,cKit,LSKd9,-2.013356451,2,6,,,,,,,,,,,,,,,,,,,,
Bptf,cKit,LSKd9,-2.447272569,2,6,,,,,,,,,,,,,,,,,,,,
Rcor1,cKit,LSKd9,-2.648874873,2,6,,,,,,,,,,,,,,,,,,,,
Actl6a,cKit,LSKd9,-3.610931794,2,6,,,,,,,,,,,,,,,,,,,,
Ncoa6,cKit,LSKd9,2.17278824,1,6,,,,,,,,,,,,,,,,,,,,
Nup35,cKit,LSKd9,1.980199299,1,6,,,,,,,,,,,,,,,,,,,,
Dpf2,cKit,LSKd9,1.692763573,1,6,,,,,,,,,,,,,,,,,,,,
Ncor2,cKit,LSKd9,1.352072024,1,6,,,,,,,,,,,,,,,,,,,,
Arid1b,cKit,LSKd9,1.282285105,1,6,,,,,,,,,,,,,,,,,,,,
Nup133,cKit,LSKd9,1.273815019,1,6,,,,,,,,,,,,,,,,,,,,
Bcl7a,cKit,LSKd9,1.247340855,1,6,,,,,,,,,,,,,,,,,,,,
Arid1a,cKit,LSKd9,1.245057403,1,6,,,,,,,,,,,,,,,,,,,,
Smarca2,cKit,LSKd9,1.169375396,1,6,,,,,,,,,,,,,,,,,,,,
Kdm5b,cKit,LSKd9,1.094289367,1,6,,,,,,,,,,,,,,,,,,,,
Ezh1,cKit,LSKd9,1.036255645,1,6,,,,,,,,,,,,,,,,,,,,
Hdac1,cKit,LSKd9,0.966464658,1,6,,,,,,,,,,,,,,,,,,,,
Kmt2e,cKit,LSKd9,0.927056365,1,6,,,,,,,,,,,,,,,,,,,,
Kdm5a,cKit,LSKd9,0.874121149,1,6,,,,,,,,,,,,,,,,,,,,
Rbbp7,cKit,LSKd9,0.678831168,1,6,,,,,,,,,,,,,,,,,,,,
Pbrm1,cKit,LSKd9,0.543737863,1,6,,,,,,,,,,,,,,,,,,,,
Nup43,cKit,LSKd9,0.527738813,1,6,,,,,,,,,,,,,,,,,,,,
Smarcal1,cKit,LSKd9,0.432665123,1,6,,,,,,,,,,,,,,,,,,,,
Smarcd2,cKit,LSKd9,0.209544639,1,6,,,,,,,,,,,,,,,,,,,,
Ncor1,cKit,LSKd9,-0.82433315,1,6,,,,,,,,,,,,,,,,,,,,
Smarca4,cKit,LSKd9,-0.901158486,1,6,,,,,,,,,,,,,,,,,,,,
Men1,cKit,LSKd9,-1.055851581,1,6,,,,,,,,,,,,,,,,,,,,
Smarcd1,cKit,LSKd9,-1.144679866,1,6,,,,,,,,,,,,,,,,,,,,
Pagr1a,cKit,LSKd9,-1.48581931,1,6,,,,,,,,,,,,,,,,,,,,
Kat8,cKit,LSKd9,-1.524981503,1,6,,,,,,,,,,,,,,,,,,,,
Gltscr1,cKit,LSKd9,-1.52597368,1,6,,,,,,,,,,,,,,,,,,,,
Nup62,cKit,LSKd9,-1.678523258,1,6,,,,,,,,,,,,,,,,,,,,
Kmt2c,cKit,LSKd9,1.481724259,0,6,,,,,,,,,,,,,,,,,,,,
Smarcad1,cKit,LSKd9,1.226291973,0,6,,,,,,,,,,,,,,,,,,,,
Hdac2,cKit,LSKd9,1.179988396,0,6,,,,,,,,,,,,,,,,,,,,
Mta2,cKit,LSKd9,0.85366684,0,6,,,,,,,,,,,,,,,,,,,,
Bcl7b,cKit,LSKd9,0.841889615,0,6,,,,,,,,,,,,,,,,,,,,
Phf10,cKit,LSKd9,0.799000296,0,6,,,,,,,,,,,,,,,,,,,,
Tbl1xr1,cKit,LSKd9,0.618355346,0,6,,,,,,,,,,,,,,,,,,,,
Tbl1x,cKit,LSKd9,0.498809509,0,6,,,,,,,,,,,,,,,,,,,,
Chd3,cKit,LSKd9,0.416901222,0,6,,,,,,,,,,,,,,,,,,,,
Bcl11b,cKit,LSKd9,0.37603628,0,6,,,,,,,,,,,,,,,,,,,,
Nupr1,cKit,LSKd9,0.303078316,0,6,,,,,,,,,,,,,,,,,,,,
Mta3,cKit,LSKd9,0.278296671,0,6,,,,,,,,,,,,,,,,,,,,
Nup50,cKit,LSKd9,0.124159434,0,6,,,,,,,,,,,,,,,,,,,,
Brd7,cKit,LSKd9,0.113606273,0,6,,,,,,,,,,,,,,,,,,,,
Nup153,cKit,LSKd9,-0.039165711,0,6,,,,,,,,,,,,,,,,,,,,
Rest,cKit,LSKd9,-0.059426915,0,6,,,,,,,,,,,,,,,,,,,,
Arid2,cKit,LSKd9,-0.093725236,0,6,,,,,,,,,,,,,,,,,,,,
Setd1a,cKit,LSKd9,-0.22224612,0,6,,,,,,,,,,,,,,,,,,,,
Smarce1,cKit,LSKd9,-0.28896038,0,6,,,,,,,,,,,,,,,,,,,,
Dpf3,cKit,LSKd9,-0.357591778,0,6,,,,,,,,,,,,,,,,,,,,
Mbd3,cKit,LSKd9,-0.866050917,0,6,,,,,,,,,,,,,,,,,,,,
Smc2,cKit,LSKd9,7.866392922,3,4,,,,,,,,,,,,,,,,,,,,
Phf5a,cKit,LSKd9,6.498283488,3,4,,,,,,,,,,,,,,,,,,,,
Prmt5,cKit,LSKd9,5.508953016,2,4,,,,,,,,,,,,,,,,,,,,
Chmp2a,cKit,LSKd9,4.343063122,2,4,,,,,,,,,,,,,,,,,,,,
Mtf2,cKit,LSKd9,2.576311469,2,4,,,,,,,,,,,,,,,,,,,,
Phc3,cKit,LSKd9,1.569223197,2,4,,,,,,,,,,,,,,,,,,,,
Ncapd3,cKit,LSKd9,0.822862087,2,4,,,,,,,,,,,,,,,,,,,,
Stag2,cKit,LSKd9,-2.589583352,2,4,,,,,,,,,,,,,,,,,,,,
Cbx3,cKit,LSKd9,3.745093635,1,4,,,,,,,,,,,,,,,,,,,,
Setdb1,cKit,LSKd9,3.132101879,1,4,,,,,,,,,,,,,,,,,,,,
Dnmt1,cKit,LSKd9,3.031426755,1,4,,,,,,,,,,,,,,,,,,,,
Chaf1b,cKit,LSKd9,2.769911395,1,4,,,,,,,,,,,,,,,,,,,,
Ash1l,cKit,LSKd9,2.367250009,1,4,,,,,,,,,,,,,,,,,,,,
Smc4,cKit,LSKd9,2.318856305,1,4,,,,,,,,,,,,,,,,,,,,
Cbx7,cKit,LSKd9,2.032922722,1,4,,,,,,,,,,,,,,,,,,,,
Prmt7,cKit,LSKd9,1.930350521,1,4,,,,,,,,,,,,,,,,,,,,
Prmt2,cKit,LSKd9,1.682438643,1,4,,,,,,,,,,,,,,,,,,,,
Setd7,cKit,LSKd9,1.458499876,1,4,,,,,,,,,,,,,,,,,,,,
Suv39h1,cKit,LSKd9,1.277102969,1,4,,,,,,,,,,,,,,,,,,,,
Phf1,cKit,LSKd9,1.189080155,1,4,,,,,,,,,,,,,,,,,,,,
Cbx6,cKit,LSKd9,1.161822048,1,4,,,,,,,,,,,,,,,,,,,,
Baz1a,cKit,LSKd9,0.687890049,1,4,,,,,,,,,,,,,,,,,,,,
Uhrf1,cKit,LSKd9,0.609070357,1,4,,,,,,,,,,,,,,,,,,,,
Smc3,cKit,LSKd9,0.48752354,1,4,,,,,,,,,,,,,,,,,,,,
Sp100,cKit,LSKd9,0.247064913,1,4,,,,,,,,,,,,,,,,,,,,
Kdm7a,cKit,LSKd9,0.223780909,1,4,,,,,,,,,,,,,,,,,,,,
Suv420h1,cKit,LSKd9,0.217161263,1,4,,,,,,,,,,,,,,,,,,,,
Cbx5,cKit,LSKd9,0.045903584,1,4,,,,,,,,,,,,,,,,,,,,
Smyd2,cKit,LSKd9,-0.151470314,1,4,,,,,,,,,,,,,,,,,,,,
Chaf1a,cKit,LSKd9,-0.75625312,1,4,,,,,,,,,,,,,,,,,,,,
Suv39h2,cKit,LSKd9,-0.790283606,1,4,,,,,,,,,,,,,,,,,,,,
Chd2,cKit,LSKd9,-1.14106543,1,4,,,,,,,,,,,,,,,,,,,,
Ehmt1,cKit,LSKd9,-1.750366156,1,4,,,,,,,,,,,,,,,,,,,,
Chd7,cKit,LSKd9,1.267437302,0,4,,,,,,,,,,,,,,,,,,,,
Phf6,cKit,LSKd9,1.242629291,0,4,,,,,,,,,,,,,,,,,,,,
Hdac7,cKit,LSKd9,1.195158597,0,4,,,,,,,,,,,,,,,,,,,,
Setbp1,cKit,LSKd9,1.126760417,0,4,,,,,,,,,,,,,,,,,,,,
Hat1,cKit,LSKd9,1.044936848,0,4,,,,,,,,,,,,,,,,,,,,
Prdm16,cKit,LSKd9,0.997152499,0,4,,,,,,,,,,,,,,,,,,,,
Prmt6,cKit,LSKd9,0.970887291,0,4,,,,,,,,,,,,,,,,,,,,
Cbx4,cKit,LSKd9,0.970200208,0,4,,,,,,,,,,,,,,,,,,,,
Mbd5,cKit,LSKd9,0.937947147,0,4,,,,,,,,,,,,,,,,,,,,
Hdac4,cKit,LSKd9,0.894667079,0,4,,,,,,,,,,,,,,,,,,,,
Tsfm,cKit,LSKd9,0.805307265,0,4,,,,,,,,,,,,,,,,,,,,
Hmgb3,cKit,LSKd9,0.797367306,0,4,,,,,,,,,,,,,,,,,,,,
Morf4l2,cKit,LSKd9,0.726214592,0,4,,,,,,,,,,,,,,,,,,,,
Smyd3,cKit,LSKd9,0.68666338,0,4,,,,,,,,,,,,,,,,,,,,
Sirt3,cKit,LSKd9,0.619105426,0,4,,,,,,,,,,,,,,,,,,,,
Gatad2b,cKit,LSKd9,0.616217924,0,4,,,,,,,,,,,,,,,,,,,,
Hmgn1,cKit,LSKd9,0.615057874,0,4,,,,,,,,,,,,,,,,,,,,
Hdac9,cKit,LSKd9,0.533401439,0,4,,,,,,,,,,,,,,,,,,,,
Ncapd2,cKit,LSKd9,0.51973848,0,4,,,,,,,,,,,,,,,,,,,,
Kdm8,cKit,LSKd9,0.51277896,0,4,,,,,,,,,,,,,,,,,,,,
Kdm6b,cKit,LSKd9,0.466837535,0,4,,,,,,,,,,,,,,,,,,,,
Mettl7a1,cKit,LSKd9,0.458138556,0,4,,,,,,,,,,,,,,,,,,,,
Kdm3a,cKit,LSKd9,0.407873867,0,4,,,,,,,,,,,,,,,,,,,,
Wbscr27,cKit,LSKd9,0.396106372,0,4,,,,,,,,,,,,,,,,,,,,
Rai1,cKit,LSKd9,0.386684094,0,4,,,,,,,,,,,,,,,,,,,,
Baz1b,cKit,LSKd9,0.378580368,0,4,,,,,,,,,,,,,,,,,,,,
Sirt7,cKit,LSKd9,0.372908733,0,4,,,,,,,,,,,,,,,,,,,,
Tdrd7,cKit,LSKd9,0.340621086,0,4,,,,,,,,,,,,,,,,,,,,
Mllt6,cKit,LSKd9,0.319429485,0,4,,,,,,,,,,,,,,,,,,,,
Dnmt3a,cKit,LSKd9,0.288766662,0,4,,,,,,,,,,,,,,,,,,,,
Asf1a,cKit,LSKd9,0.265958033,0,4,,,,,,,,,,,,,,,,,,,,
Setd8,cKit,LSKd9,0.252130303,0,4,,,,,,,,,,,,,,,,,,,,
Sap30,cKit,LSKd9,0.129329494,0,4,,,,,,,,,,,,,,,,,,,,
Setdb2,cKit,LSKd9,-0.01749921,0,4,,,,,,,,,,,,,,,,,,,,
Hmg20a,cKit,LSKd9,-0.036000683,0,4,,,,,,,,,,,,,,,,,,,,
Snd1,cKit,LSKd9,-0.047367296,0,4,,,,,,,,,,,,,,,,,,,,
Asf1b,cKit,LSKd9,-0.056652889,0,4,,,,,,,,,,,,,,,,,,,,
Dnmt3b,cKit,LSKd9,-0.110344124,0,4,,,,,,,,,,,,,,,,,,,,
Cbx2,cKit,LSKd9,-0.152381057,0,4,,,,,,,,,,,,,,,,,,,,
Kat2a,cKit,LSKd9,-0.271814971,0,4,,,,,,,,,,,,,,,,,,,,
Setd6,cKit,LSKd9,-0.272823887,0,4,,,,,,,,,,,,,,,,,,,,
Carm1,cKit,LSKd9,-0.480136676,0,4,,,,,,,,,,,,,,,,,,,,
Sirt5,cKit,LSKd9,-0.492650982,0,4,,,,,,,,,,,,,,,,,,,,
Nasp,cKit,LSKd9,-0.513933428,0,4,,,,,,,,,,,,,,,,,,,,
Mettl13,cKit,LSKd9,-0.611001267,0,4,,,,,,,,,,,,,,,,,,,,
Shprh,cKit,LSKd9,-0.715292264,0,4,,,,,,,,,,,,,,,,,,,,
Hdac10,cKit,LSKd9,-0.7159626,0,4,,,,,,,,,,,,,,,,,,,,
Phf21a,cKit,LSKd9,-0.987554251,0,4,,,,,,,,,,,,,,,,,,,,
Trim28,cKit,LSKd9,-1.071435613,0,4,,,,,,,,,,,,,,,,,,,,
Setd4,cKit,LSKd9,-1.08262265,0,4,,,,,,,,,,,,,,,,,,,,
Ehmt2,cKit,LSKd9,-1.254796818,0,4,,,,,,,,,,,,,,,,,,,,
Prmt1,cKit,LSKd9,-1.770168036,0,4,,,,,,,,,,,,,,,,,,,,
Nfrkb,cKit,LSKd9,5.119148121,3,3,,,,,,,,,,,,,,,,,,,,
Tada1,cKit,LSKd9,-4.938474194,3,3,,,,,,,,,,,,,,,,,,,,
Usp11,cKit,LSKd9,3.348797683,2,3,,,,,,,,,,,,,,,,,,,,
Cstf1,cKit,LSKd9,2.972378763,2,3,,,,,,,,,,,,,,,,,,,,
Ddx27,cKit,LSKd9,2.78882307,2,3,,,,,,,,,,,,,,,,,,,,
Ssrp1,cKit,LSKd9,2.52997881,2,3,,,,,,,,,,,,,,,,,,,,
Chd1,cKit,LSKd9,-2.410071372,2,3,,,,,,,,,,,,,,,,,,,,
Med14,cKit,LSKd9,-2.492518629,2,3,,,,,,,,,,,,,,,,,,,,
Tada2b,cKit,LSKd9,-2.605712195,2,3,,,,,,,,,,,,,,,,,,,,
Taf9b,cKit,LSKd9,-2.61577088,2,3,,,,,,,,,,,,,,,,,,,,
Sap30bp,cKit,LSKd9,-2.92839355,2,3,,,,,,,,,,,,,,,,,,,,
Med1,cKit,LSKd9,-3.262883664,2,3,,,,,,,,,,,,,,,,,,,,
Med7,cKit,LSKd9,-3.639413365,2,3,,,,,,,,,,,,,,,,,,,,
Rad21,cKit,LSKd9,-4.186771366,2,3,,,,,,,,,,,,,,,,,,,,
Kti12,cKit,LSKd9,-4.302547738,2,3,,,,,,,,,,,,,,,,,,,,
Med20,cKit,LSKd9,-4.381172899,2,3,,,,,,,,,,,,,,,,,,,,
Ccdc101,cKit,LSKd9,-4.50495812,2,3,,,,,,,,,,,,,,,,,,,,
Mga,cKit,LSKd9,3.66429754,1,3,,,,,,,,,,,,,,,,,,,,
Sp1,cKit,LSKd9,2.615999094,1,3,,,,,,,,,,,,,,,,,,,,
Arid4a,cKit,LSKd9,2.396789799,1,3,,,,,,,,,,,,,,,,,,,,
Prkab1,cKit,LSKd9,2.334210969,1,3,,,,,,,,,,,,,,,,,,,,
Kdm5c,cKit,LSKd9,2.317283635,1,3,,,,,,,,,,,,,,,,,,,,
Tonsl,cKit,LSKd9,2.188229102,1,3,,,,,,,,,,,,,,,,,,,,
Cdk5,cKit,LSKd9,2.121007405,1,3,,,,,,,,,,,,,,,,,,,,
Smc1a,cKit,LSKd9,2.039134931,1,3,,,,,,,,,,,,,,,,,,,,
Cit,cKit,LSKd9,1.922196527,1,3,,,,,,,,,,,,,,,,,,,,
Noc2l,cKit,LSKd9,1.842616395,1,3,,,,,,,,,,,,,,,,,,,,
Padi4,cKit,LSKd9,1.77076574,1,3,,,,,,,,,,,,,,,,,,,,
Anp32b,cKit,LSKd9,1.740564218,1,3,,,,,,,,,,,,,,,,,,,,
Ep400,cKit,LSKd9,1.472592684,1,3,,,,,,,,,,,,,,,,,,,,
Max,cKit,LSKd9,1.34129039,1,3,,,,,,,,,,,,,,,,,,,,
Ddx23,cKit,LSKd9,1.189185516,1,3,,,,,,,,,,,,,,,,,,,,
Sin3a,cKit,LSKd9,1.096552666,1,3,,,,,,,,,,,,,,,,,,,,
Ythdc1,cKit,LSKd9,1.014642324,1,3,,,,,,,,,,,,,,,,,,,,
Baz2a,cKit,LSKd9,0.959538477,1,3,,,,,,,,,,,,,,,,,,,,
Supt16,cKit,LSKd9,0.816786137,1,3,,,,,,,,,,,,,,,,,,,,
Eif3d,cKit,LSKd9,0.708177917,1,3,,,,,,,,,,,,,,,,,,,,
Med10,cKit,LSKd9,-0.062471272,1,3,,,,,,,,,,,,,,,,,,,,
Ddx21,cKit,LSKd9,-0.245741572,1,3,,,,,,,,,,,,,,,,,,,,
Sap18,cKit,LSKd9,-0.384481116,1,3,,,,,,,,,,,,,,,,,,,,
Exosc2,cKit,LSKd9,-0.654312641,1,3,,,,,,,,,,,,,,,,,,,,
Med15,cKit,LSKd9,-0.772500243,1,3,,,,,,,,,,,,,,,,,,,,
Top2a,cKit,LSKd9,-0.86744488,1,3,,,,,,,,,,,,,,,,,,,,
Phf12,cKit,LSKd9,-1.030718177,1,3,,,,,,,,,,,,,,,,,,,,
Brdt,cKit,LSKd9,-1.149230046,1,3,,,,,,,,,,,,,,,,,,,,
Eif4a3,cKit,LSKd9,-1.307675631,1,3,,,,,,,,,,,,,,,,,,,,
Gatad1,cKit,LSKd9,-1.419466523,1,3,,,,,,,,,,,,,,,,,,,,
Srsf1,cKit,LSKd9,-1.520082482,1,3,,,,,,,,,,,,,,,,,,,,
Med17,cKit,LSKd9,-1.55070536,1,3,,,,,,,,,,,,,,,,,,,,
Kat5,cKit,LSKd9,-1.581275856,1,3,,,,,,,,,,,,,,,,,,,,
Mau2,cKit,LSKd9,-1.590551131,1,3,,,,,,,,,,,,,,,,,,,,
Med18,cKit,LSKd9,-1.594497138,1,3,,,,,,,,,,,,,,,,,,,,
Smc5,cKit,LSKd9,-1.601636859,1,3,,,,,,,,,,,,,,,,,,,,
Med12,cKit,LSKd9,-1.861076066,1,3,,,,,,,,,,,,,,,,,,,,
Taf4a,cKit,LSKd9,-1.861565664,1,3,,,,,,,,,,,,,,,,,,,,
Med31,cKit,LSKd9,-1.86574121,1,3,,,,,,,,,,,,,,,,,,,,
Znhit1,cKit,LSKd9,-1.947544043,1,3,,,,,,,,,,,,,,,,,,,,
Zmynd8,cKit,LSKd9,-1.951436595,1,3,,,,,,,,,,,,,,,,,,,,
Yeats4,cKit,LSKd9,-2.119413735,1,3,,,,,,,,,,,,,,,,,,,,
Med19,cKit,LSKd9,-2.195897939,1,3,,,,,,,,,,,,,,,,,,,,
Med22,cKit,LSKd9,-2.237771275,1,3,,,,,,,,,,,,,,,,,,,,
Med24,cKit,LSKd9,-2.27340968,1,3,,,,,,,,,,,,,,,,,,,,
Pcgf5,cKit,LSKd9,-2.335110453,1,3,,,,,,,,,,,,,,,,,,,,
Pds5a,cKit,LSKd9,-2.346531762,1,3,,,,,,,,,,,,,,,,,,,,
Kansl1,cKit,LSKd9,-2.44648178,1,3,,,,,,,,,,,,,,,,,,,,
Zfp592,cKit,LSKd9,-2.4696815,1,3,,,,,,,,,,,,,,,,,,,,
Ctcf,cKit,LSKd9,-2.523890941,1,3,,,,,,,,,,,,,,,,,,,,
Med13,cKit,LSKd9,-2.658860755,1,3,,,,,,,,,,,,,,,,,,,,
Ptpn2,cKit,LSKd9,-2.707779085,1,3,,,,,,,,,,,,,,,,,,,,
Ncoa3,cKit,LSKd9,-2.747142247,1,3,,,,,,,,,,,,,,,,,,,,
Med8,cKit,LSKd9,-3.082286084,1,3,,,,,,,,,,,,,,,,,,,,
Zfp217,cKit,LSKd9,-3.115393526,1,3,,,,,,,,,,,,,,,,,,,,
Med9,cKit,LSKd9,-3.529073669,1,3,,,,,,,,,,,,,,,,,,,,
Jade2,cKit,LSKd9,2.140239992,0,3,,,,,,,,,,,,,,,,,,,,
Ncl,cKit,LSKd9,2.101009528,0,3,,,,,,,,,,,,,,,,,,,,
Usp21,cKit,LSKd9,2.057979476,0,3,,,,,,,,,,,,,,,,,,,,
Kdm6a,cKit,LSKd9,1.975982046,0,3,,,,,,,,,,,,,,,,,,,,
Las1l,cKit,LSKd9,1.975650265,0,3,,,,,,,,,,,,,,,,,,,,
Ino80e,cKit,LSKd9,1.878166531,0,3,,,,,,,,,,,,,,,,,,,,
Suz12,cKit,LSKd9,1.840319814,0,3,,,,,,,,,,,,,,,,,,,,
Arid5b,cKit,LSKd9,1.812800437,0,3,,,,,,,,,,,,,,,,,,,,
Uty,cKit,LSKd9,1.702964205,0,3,,,,,,,,,,,,,,,,,,,,
Vdr,cKit,LSKd9,1.595484942,0,3,,,,,,,,,,,,,,,,,,,,
Cdc73,cKit,LSKd9,1.588118735,0,3,,,,,,,,,,,,,,,,,,,,
Phf7,cKit,LSKd9,1.558123728,0,3,,,,,,,,,,,,,,,,,,,,
Esco1,cKit,LSKd9,1.543068154,0,3,,,,,,,,,,,,,,,,,,,,
Ddb2,cKit,LSKd9,1.513047078,0,3,,,,,,,,,,,,,,,,,,,,
Hdgf,cKit,LSKd9,1.474492158,0,3,,,,,,,,,,,,,,,,,,,,
Med27,cKit,LSKd9,1.407676954,0,3,,,,,,,,,,,,,,,,,,,,
Zmym3,cKit,LSKd9,1.402853808,0,3,,,,,,,,,,,,,,,,,,,,
Jarid2,cKit,LSKd9,1.381046425,0,3,,,,,,,,,,,,,,,,,,,,
Uba2,cKit,LSKd9,1.375707334,0,3,,,,,,,,,,,,,,,,,,,,
Gadd45b,cKit,LSKd9,1.308035803,0,3,,,,,,,,,,,,,,,,,,,,
Uchl5,cKit,LSKd9,1.286015343,0,3,,,,,,,,,,,,,,,,,,,,
Eid1,cKit,LSKd9,1.283891103,0,3,,,,,,,,,,,,,,,,,,,,
Arid5a,cKit,LSKd9,1.236803136,0,3,,,,,,,,,,,,,,,,,,,,
Ncoa1,cKit,LSKd9,1.201416846,0,3,,,,,,,,,,,,,,,,,,,,
Bcorl1,cKit,LSKd9,1.18710976,0,3,,,,,,,,,,,,,,,,,,,,
Prkag2,cKit,LSKd9,1.156798132,0,3,,,,,,,,,,,,,,,,,,,,
Fam208a,cKit,LSKd9,1.141889715,0,3,,,,,,,,,,,,,,,,,,,,
Gadd45a,cKit,LSKd9,1.13525201,0,3,,,,,,,,,,,,,,,,,,,,
Yy1,cKit,LSKd9,1.112197939,0,3,,,,,,,,,,,,,,,,,,,,
Sap130,cKit,LSKd9,1.025443016,0,3,,,,,,,,,,,,,,,,,,,,
Gadd45g,cKit,LSKd9,1.022045206,0,3,,,,,,,,,,,,,,,,,,,,
Usp12,cKit,LSKd9,0.985432051,0,3,,,,,,,,,,,,,,,,,,,,
Foxp2,cKit,LSKd9,0.977091323,0,3,,,,,,,,,,,,,,,,,,,,
Smyd4,cKit,LSKd9,0.975946536,0,3,,,,,,,,,,,,,,,,,,,,
Eya4,cKit,LSKd9,0.972435797,0,3,,,,,,,,,,,,,,,,,,,,
Arntl,cKit,LSKd9,0.965447904,0,3,,,,,,,,,,,,,,,,,,,,
Dido1,cKit,LSKd9,0.964482692,0,3,,,,,,,,,,,,,,,,,,,,
Nipbl,cKit,LSKd9,0.953112657,0,3,,,,,,,,,,,,,,,,,,,,
Prdm2,cKit,LSKd9,0.941119492,0,3,,,,,,,,,,,,,,,,,,,,
Ube2d1,cKit,LSKd9,0.930261521,0,3,,,,,,,,,,,,,,,,,,,,
Ubn1,cKit,LSKd9,0.914898862,0,3,,,,,,,,,,,,,,,,,,,,
Bub1,cKit,LSKd9,0.911179622,0,3,,,,,,,,,,,,,,,,,,,,
Tle4,cKit,LSKd9,0.907910777,0,3,,,,,,,,,,,,,,,,,,,,
Rnf168,cKit,LSKd9,0.87025896,0,3,,,,,,,,,,,,,,,,,,,,
Gse1,cKit,LSKd9,0.867748797,0,3,,,,,,,,,,,,,,,,,,,,
Ctbp1,cKit,LSKd9,0.857443465,0,3,,,,,,,,,,,,,,,,,,,,
Cul4b,cKit,LSKd9,0.849279213,0,3,,,,,,,,,,,,,,,,,,,,
Taf7,cKit,LSKd9,0.844947041,0,3,,,,,,,,,,,,,,,,,,,,
Actr5,cKit,LSKd9,0.834780458,0,3,,,,,,,,,,,,,,,,,,,,
Hells,cKit,LSKd9,0.829276266,0,3,,,,,,,,,,,,,,,,,,,,
Ncoa7,cKit,LSKd9,0.816821216,0,3,,,,,,,,,,,,,,,,,,,,
Dzip3,cKit,LSKd9,0.805560673,0,3,,,,,,,,,,,,,,,,,,,,
Kat2b,cKit,LSKd9,0.803884664,0,3,,,,,,,,,,,,,,,,,,,,
Jmjd1c,cKit,LSKd9,0.803183247,0,3,,,,,,,,,,,,,,,,,,,,
H2afy,cKit,LSKd9,0.80007841,0,3,,,,,,,,,,,,,,,,,,,,
Dhx36,cKit,LSKd9,0.794466022,0,3,,,,,,,,,,,,,,,,,,,,
Tfpt,cKit,LSKd9,0.790849017,0,3,,,,,,,,,,,,,,,,,,,,
Nek6,cKit,LSKd9,0.778359679,0,3,,,,,,,,,,,,,,,,,,,,
Ddx50,cKit,LSKd9,0.77376897,0,3,,,,,,,,,,,,,,,,,,,,
Nek9,cKit,LSKd9,0.770863154,0,3,,,,,,,,,,,,,,,,,,,,
Brwd3,cKit,LSKd9,0.762485174,0,3,,,,,,,,,,,,,,,,,,,,
Atrx,cKit,LSKd9,0.757677769,0,3,,,,,,,,,,,,,,,,,,,,
Mettl16,cKit,LSKd9,0.750095434,0,3,,,,,,,,,,,,,,,,,,,,
Dtx3l,cKit,LSKd9,0.743714695,0,3,,,,,,,,,,,,,,,,,,,,
Prkca,cKit,LSKd9,0.724104578,0,3,,,,,,,,,,,,,,,,,,,,
Bmi1,cKit,LSKd9,0.722666632,0,3,,,,,,,,,,,,,,,,,,,,
Rnf8,cKit,LSKd9,0.721774035,0,3,,,,,,,,,,,,,,,,,,,,
Mettl18,cKit,LSKd9,0.717629665,0,3,,,,,,,,,,,,,,,,,,,,
Prr14,cKit,LSKd9,0.706851228,0,3,,,,,,,,,,,,,,,,,,,,
Rcor2,cKit,LSKd9,0.701800598,0,3,,,,,,,,,,,,,,,,,,,,
Fbxw9,cKit,LSKd9,0.700261504,0,3,,,,,,,,,,,,,,,,,,,,
Actr8,cKit,LSKd9,0.663569255,0,3,,,,,,,,,,,,,,,,,,,,
Chd6,cKit,LSKd9,0.638947634,0,3,,,,,,,,,,,,,,,,,,,,
Ube2d3,cKit,LSKd9,0.622141896,0,3,,,,,,,,,,,,,,,,,,,,
Mecp2,cKit,LSKd9,0.614221059,0,3,,,,,,,,,,,,,,,,,,,,
Prdm11,cKit,LSKd9,0.609723376,0,3,,,,,,,,,,,,,,,,,,,,
Ddx47,cKit,LSKd9,0.605216434,0,3,,,,,,,,,,,,,,,,,,,,
Snai2,cKit,LSKd9,0.602281607,0,3,,,,,,,,,,,,,,,,,,,,
Yaf2,cKit,LSKd9,0.595512284,0,3,,,,,,,,,,,,,,,,,,,,
Mettl3,cKit,LSKd9,0.589844821,0,3,,,,,,,,,,,,,,,,,,,,
Mllt1,cKit,LSKd9,0.585971749,0,3,,,,,,,,,,,,,,,,,,,,
Maz,cKit,LSKd9,0.578756012,0,3,,,,,,,,,,,,,,,,,,,,
Ino80b,cKit,LSKd9,0.574973572,0,3,,,,,,,,,,,,,,,,,,,,
Ctbp2,cKit,LSKd9,0.566520973,0,3,,,,,,,,,,,,,,,,,,,,
Dnmt3l,cKit,LSKd9,0.565779198,0,3,,,,,,,,,,,,,,,,,,,,
Dnajc2,cKit,LSKd9,0.549521969,0,3,,,,,,,,,,,,,,,,,,,,
L3mbtl2,cKit,LSKd9,0.547638272,0,3,,,,,,,,,,,,,,,,,,,,
H2afx,cKit,LSKd9,0.508688361,0,3,,,,,,,,,,,,,,,,,,,,
Tet2,cKit,LSKd9,0.508288065,0,3,,,,,,,,,,,,,,,,,,,,
Tgfbr1,cKit,LSKd9,0.50217654,0,3,,,,,,,,,,,,,,,,,,,,
Pygo1,cKit,LSKd9,0.50187279,0,3,,,,,,,,,,,,,,,,,,,,
Dr1,cKit,LSKd9,0.501263687,0,3,,,,,,,,,,,,,,,,,,,,
Dnttip2,cKit,LSKd9,0.499559972,0,3,,,,,,,,,,,,,,,,,,,,
Trp53,cKit,LSKd9,0.491032993,0,3,,,,,,,,,,,,,,,,,,,,
Eya2,cKit,LSKd9,0.4838836,0,3,,,,,,,,,,,,,,,,,,,,
Senp3,cKit,LSKd9,0.482006504,0,3,,,,,,,,,,,,,,,,,,,,
Prdm5,cKit,LSKd9,0.481404114,0,3,,,,,,,,,,,,,,,,,,,,
Chuk,cKit,LSKd9,0.476446041,0,3,,,,,,,,,,,,,,,,,,,,
Morf4l1,cKit,LSKd9,0.470399035,0,3,,,,,,,,,,,,,,,,,,,,
Sfmbt1,cKit,LSKd9,0.46723209,0,3,,,,,,,,,,,,,,,,,,,,
Ruvbl1,cKit,LSKd9,0.466416184,0,3,,,,,,,,,,,,,,,,,,,,
Esco2,cKit,LSKd9,0.465663539,0,3,,,,,,,,,,,,,,,,,,,,
Mettl23,cKit,LSKd9,0.434379276,0,3,,,,,,,,,,,,,,,,,,,,
Ino80,cKit,LSKd9,0.433367458,0,3,,,,,,,,,,,,,,,,,,,,
Sf3b1,cKit,LSKd9,0.426468864,0,3,,,,,,,,,,,,,,,,,,,,
Mettl25,cKit,LSKd9,0.422529484,0,3,,,,,,,,,,,,,,,,,,,,
Hmgn2,cKit,LSKd9,0.417167265,0,3,,,,,,,,,,,,,,,,,,,,
Pcgf2,cKit,LSKd9,0.411175931,0,3,,,,,,,,,,,,,,,,,,,,
Tet1,cKit,LSKd9,0.407174896,0,3,,,,,,,,,,,,,,,,,,,,
Trim16,cKit,LSKd9,0.401667626,0,3,,,,,,,,,,,,,,,,,,,,
Ruvbl2,cKit,LSKd9,0.39908726,0,3,,,,,,,,,,,,,,,,,,,,
Atad2b,cKit,LSKd9,0.396413688,0,3,,,,,,,,,,,,,,,,,,,,
Phc1,cKit,LSKd9,0.391091879,0,3,,,,,,,,,,,,,,,,,,,,
Baz2b,cKit,LSKd9,0.380957905,0,3,,,,,,,,,,,,,,,,,,,,
Ube2b,cKit,LSKd9,0.380217718,0,3,,,,,,,,,,,,,,,,,,,,
Phf23,cKit,LSKd9,0.373877531,0,3,,,,,,,,,,,,,,,,,,,,
Rb1,cKit,LSKd9,0.359579037,0,3,,,,,,,,,,,,,,,,,,,,
L3mbtl3,cKit,LSKd9,0.355044345,0,3,,,,,,,,,,,,,,,,,,,,
Ntmt1,cKit,LSKd9,0.348402672,0,3,,,,,,,,,,,,,,,,,,,,
Ercc6,cKit,LSKd9,0.344901332,0,3,,,,,,,,,,,,,,,,,,,,
Mdc1,cKit,LSKd9,0.343272393,0,3,,,,,,,,,,,,,,,,,,,,
Nsd1,cKit,LSKd9,0.34242848,0,3,,,,,,,,,,,,,,,,,,,,
Mettl2,cKit,LSKd9,0.340340418,0,3,,,,,,,,,,,,,,,,,,,,
Mettl15,cKit,LSKd9,0.338878258,0,3,,,,,,,,,,,,,,,,,,,,
Mysm1,cKit,LSKd9,0.334080267,0,3,,,,,,,,,,,,,,,,,,,,
Prmt3,cKit,LSKd9,0.329319414,0,3,,,,,,,,,,,,,,,,,,,,
Eif3b,cKit,LSKd9,0.325153473,0,3,,,,,,,,,,,,,,,,,,,,
Ankrd32,cKit,LSKd9,0.320810361,0,3,,,,,,,,,,,,,,,,,,,,
Atn1,cKit,LSKd9,0.32014901,0,3,,,,,,,,,,,,,,,,,,,,
Prmt10,cKit,LSKd9,0.320101553,0,3,,,,,,,,,,,,,,,,,,,,
Pdp1,cKit,LSKd9,0.300313474,0,3,,,,,,,,,,,,,,,,,,,,
Ring1,cKit,LSKd9,0.273657133,0,3,,,,,,,,,,,,,,,,,,,,
Dek,cKit,LSKd9,0.271926816,0,3,,,,,,,,,,,,,,,,,,,,
Ddx39,cKit,LSKd9,0.271005383,0,3,,,,,,,,,,,,,,,,,,,,
Atr,cKit,LSKd9,0.256583225,0,3,,,,,,,,,,,,,,,,,,,,
Eya1,cKit,LSKd9,0.254482914,0,3,,,,,,,,,,,,,,,,,,,,
Sap25,cKit,LSKd9,0.252550214,0,3,,,,,,,,,,,,,,,,,,,,
Tyw5,cKit,LSKd9,0.240876149,0,3,,,,,,,,,,,,,,,,,,,,
Atad2,cKit,LSKd9,0.220238706,0,3,,,,,,,,,,,,,,,,,,,,
Ube2e1,cKit,LSKd9,0.220084574,0,3,,,,,,,,,,,,,,,,,,,,
Asxl2,cKit,LSKd9,0.218255941,0,3,,,,,,,,,,,,,,,,,,,,
Aurkb,cKit,LSKd9,0.213423021,0,3,,,,,,,,,,,,,,,,,,,,
Phf11b,cKit,LSKd9,0.207152971,0,3,,,,,,,,,,,,,,,,,,,,
Anp32e,cKit,LSKd9,0.207053308,0,3,,,,,,,,,,,,,,,,,,,,
Med29,cKit,LSKd9,0.198873008,0,3,,,,,,,,,,,,,,,,,,,,
Kdm4b,cKit,LSKd9,0.195665403,0,3,,,,,,,,,,,,,,,,,,,,
Rnf2,cKit,LSKd9,0.187563074,0,3,,,,,,,,,,,,,,,,,,,,
Cdk1,cKit,LSKd9,0.181498226,0,3,,,,,,,,,,,,,,,,,,,,
Hdac5,cKit,LSKd9,0.17510489,0,3,,,,,,,,,,,,,,,,,,,,
Phf14,cKit,LSKd9,0.166549472,0,3,,,,,,,,,,,,,,,,,,,,
Zmynd11,cKit,LSKd9,0.161463129,0,3,,,,,,,,,,,,,,,,,,,,
Ddb1,cKit,LSKd9,0.160541099,0,3,,,,,,,,,,,,,,,,,,,,
Ube2a,cKit,LSKd9,0.154757197,0,3,,,,,,,,,,,,,,,,,,,,
Sin3b,cKit,LSKd9,0.147125612,0,3,,,,,,,,,,,,,,,,,,,,
Mettl14,cKit,LSKd9,0.141308951,0,3,,,,,,,,,,,,,,,,,,,,
Zzz3,cKit,LSKd9,0.141202724,0,3,,,,,,,,,,,,,,,,,,,,
Anp32a,cKit,LSKd9,0.137127361,0,3,,,,,,,,,,,,,,,,,,,,
Wdr48,cKit,LSKd9,0.136351752,0,3,,,,,,,,,,,,,,,,,,,,
Jmjd4,cKit,LSKd9,0.133959572,0,3,,,,,,,,,,,,,,,,,,,,
Mettl22,cKit,LSKd9,0.132512572,0,3,,,,,,,,,,,,,,,,,,,,
Hltf,cKit,LSKd9,0.11326448,0,3,,,,,,,,,,,,,,,,,,,,
Suv420h2,cKit,LSKd9,0.100233166,0,3,,,,,,,,,,,,,,,,,,,,
Hdac6,cKit,LSKd9,0.093921162,0,3,,,,,,,,,,,,,,,,,,,,
Phf13,cKit,LSKd9,0.090439424,0,3,,,,,,,,,,,,,,,,,,,,
Zbtb33,cKit,LSKd9,0.088282186,0,3,,,,,,,,,,,,,,,,,,,,
Mllt11,cKit,LSKd9,0.085392952,0,3,,,,,,,,,,,,,,,,,,,,
Zfp57,cKit,LSKd9,0.085385275,0,3,,,,,,,,,,,,,,,,,,,,
Prkdc,cKit,LSKd9,0.083245977,0,3,,,,,,,,,,,,,,,,,,,,
Bcor,cKit,LSKd9,0.063804483,0,3,,,,,,,,,,,,,,,,,,,,
Prkab2,cKit,LSKd9,0.063038571,0,3,,,,,,,,,,,,,,,,,,,,
Phf20l1,cKit,LSKd9,0.0628567,0,3,,,,,,,,,,,,,,,,,,,,
Mllt4,cKit,LSKd9,0.058245914,0,3,,,,,,,,,,,,,,,,,,,,
Vrk1,cKit,LSKd9,0.056946234,0,3,,,,,,,,,,,,,,,,,,,,
Mettl8,cKit,LSKd9,0.047027358,0,3,,,,,,,,,,,,,,,,,,,,
Wsb2,cKit,LSKd9,0.044019614,0,3,,,,,,,,,,,,,,,,,,,,
Rcor3,cKit,LSKd9,0.018970807,0,3,,,,,,,,,,,,,,,,,,,,
Mettl6,cKit,LSKd9,0.015794038,0,3,,,,,,,,,,,,,,,,,,,,
Scmh1,cKit,LSKd9,-0.005735305,0,3,,,,,,,,,,,,,,,,,,,,
Pbk,cKit,LSKd9,-0.017730843,0,3,,,,,,,,,,,,,,,,,,,,
Tet3,cKit,LSKd9,-0.018843562,0,3,,,,,,,,,,,,,,,,,,,,
Kdm5d,cKit,LSKd9,-0.019390077,0,3,,,,,,,,,,,,,,,,,,,,
Zbtb7c,cKit,LSKd9,-0.022725912,0,3,,,,,,,,,,,,,,,,,,,,
Chd1l,cKit,LSKd9,-0.051673809,0,3,,,,,,,,,,,,,,,,,,,,
Jmjd8,cKit,LSKd9,-0.087894838,0,3,,,,,,,,,,,,,,,,,,,,
Scml4,cKit,LSKd9,-0.093874072,0,3,,,,,,,,,,,,,,,,,,,,
Ythdf1,cKit,LSKd9,-0.109516558,0,3,,,,,,,,,,,,,,,,,,,,
Zhx1,cKit,LSKd9,-0.116740376,0,3,,,,,,,,,,,,,,,,,,,,
Ino80c,cKit,LSKd9,-0.132500561,0,3,,,,,,,,,,,,,,,,,,,,
Stk4,cKit,LSKd9,-0.132887468,0,3,,,,,,,,,,,,,,,,,,,,
Ep300,cKit,LSKd9,-0.136313259,0,3,,,,,,,,,,,,,,,,,,,,
Prdm4,cKit,LSKd9,-0.141583424,0,3,,,,,,,,,,,,,,,,,,,,
Mettl17,cKit,LSKd9,-0.145941569,0,3,,,,,,,,,,,,,,,,,,,,
Med25,cKit,LSKd9,-0.154303622,0,3,,,,,,,,,,,,,,,,,,,,
Smyd5,cKit,LSKd9,-0.167652673,0,3,,,,,,,,,,,,,,,,,,,,
Brd2,cKit,LSKd9,-0.17175788,0,3,,,,,,,,,,,,,,,,,,,,
Prdm9,cKit,LSKd9,-0.172817503,0,3,,,,,,,,,,,,,,,,,,,,
Mgmt,cKit,LSKd9,-0.175204087,0,3,,,,,,,,,,,,,,,,,,,,
Myo1c,cKit,LSKd9,-0.182501244,0,3,,,,,,,,,,,,,,,,,,,,
Rnf40,cKit,LSKd9,-0.182643394,0,3,,,,,,,,,,,,,,,,,,,,
Smarcd3,cKit,LSKd9,-0.189808324,0,3,,,,,,,,,,,,,,,,,,,,
Chrac1,cKit,LSKd9,-0.195518436,0,3,,,,,,,,,,,,,,,,,,,,
Prdm10,cKit,LSKd9,-0.203845178,0,3,,,,,,,,,,,,,,,,,,,,
Nudt21,cKit,LSKd9,-0.207337755,0,3,,,,,,,,,,,,,,,,,,,,
Senp1,cKit,LSKd9,-0.208198711,0,3,,,,,,,,,,,,,,,,,,,,
Clock,cKit,LSKd9,-0.21352165,0,3,,,,,,,,,,,,,,,,,,,,
Mbtd1,cKit,LSKd9,-0.216091121,0,3,,,,,,,,,,,,,,,,,,,,
Phc2,cKit,LSKd9,-0.218177922,0,3,,,,,,,,,,,,,,,,,,,,
Setd3,cKit,LSKd9,-0.222914828,0,3,,,,,,,,,,,,,,,,,,,,
Prdm15,cKit,LSKd9,-0.223665428,0,3,,,,,,,,,,,,,,,,,,,,
Mettl1,cKit,LSKd9,-0.229839601,0,3,,,,,,,,,,,,,,,,,,,,
Mettl21a,cKit,LSKd9,-0.239695963,0,3,,,,,,,,,,,,,,,,,,,,
Phf2,cKit,LSKd9,-0.241663195,0,3,,,,,,,,,,,,,,,,,,,,
Mdfi,cKit,LSKd9,-0.250874794,0,3,,,,,,,,,,,,,,,,,,,,
Sap30l,cKit,LSKd9,-0.252790629,0,3,,,,,,,,,,,,,,,,,,,,
Hdac11,cKit,LSKd9,-0.257634707,0,3,,,,,,,,,,,,,,,,,,,,
Brcc3,cKit,LSKd9,-0.293417349,0,3,,,,,,,,,,,,,,,,,,,,
Mbd6,cKit,LSKd9,-0.300446524,0,3,,,,,,,,,,,,,,,,,,,,
Arrb1,cKit,LSKd9,-0.301571185,0,3,,,,,,,,,,,,,,,,,,,,
Ncoa5,cKit,LSKd9,-0.303457752,0,3,,,,,,,,,,,,,,,,,,,,
Rybp,cKit,LSKd9,-0.305492685,0,3,,,,,,,,,,,,,,,,,,,,
Rsf1,cKit,LSKd9,-0.326227086,0,3,,,,,,,,,,,,,,,,,,,,
Phf19,cKit,LSKd9,-0.334119382,0,3,,,,,,,,,,,,,,,,,,,,
Med6,cKit,LSKd9,-0.334491022,0,3,,,,,,,,,,,,,,,,,,,,
Uhrf2,cKit,LSKd9,-0.342553201,0,3,,,,,,,,,,,,,,,,,,,,
Dmap1,cKit,LSKd9,-0.347038402,0,3,,,,,,,,,,,,,,,,,,,,
Aurka,cKit,LSKd9,-0.348877752,0,3,,,,,,,,,,,,,,,,,,,,
Usp16,cKit,LSKd9,-0.349674454,0,3,,,,,,,,,,,,,,,,,,,,
Brd4,cKit,LSKd9,-0.349969344,0,3,,,,,,,,,,,,,,,,,,,,
Top2b,cKit,LSKd9,-0.357809206,0,3,,,,,,,,,,,,,,,,,,,,
Tle1,cKit,LSKd9,-0.367695558,0,3,,,,,,,,,,,,,,,,,,,,
Ythdf3,cKit,LSKd9,-0.378430409,0,3,,,,,,,,,,,,,,,,,,,,
Mettl9,cKit,LSKd9,-0.38249345,0,3,,,,,,,,,,,,,,,,,,,,
Prkcd,cKit,LSKd9,-0.389263984,0,3,,,,,,,,,,,,,,,,,,,,
Mapkapk3,cKit,LSKd9,-0.390859178,0,3,,,,,,,,,,,,,,,,,,,,
Ddx51,cKit,LSKd9,-0.407507356,0,3,,,,,,,,,,,,,,,,,,,,
Eid2,cKit,LSKd9,-0.41944194,0,3,,,,,,,,,,,,,,,,,,,,
Smarca1,cKit,LSKd9,-0.425585467,0,3,,,,,,,,,,,,,,,,,,,,
Ino80d,cKit,LSKd9,-0.441075346,0,3,,,,,,,,,,,,,,,,,,,,
Stag1,cKit,LSKd9,-0.441737385,0,3,,,,,,,,,,,,,,,,,,,,
Med13l,cKit,LSKd9,-0.44940544,0,3,,,,,,,,,,,,,,,,,,,,
Eif4a2,cKit,LSKd9,-0.468782409,0,3,,,,,,,,,,,,,,,,,,,,
Atm,cKit,LSKd9,-0.47373008,0,3,,,,,,,,,,,,,,,,,,,,
Phf20,cKit,LSKd9,-0.49516265,0,3,,,,,,,,,,,,,,,,,,,,
Med4,cKit,LSKd9,-0.527196687,0,3,,,,,,,,,,,,,,,,,,,,
H2afy2,cKit,LSKd9,-0.529732369,0,3,,,,,,,,,,,,,,,,,,,,
Med26,cKit,LSKd9,-0.558646469,0,3,,,,,,,,,,,,,,,,,,,,
Ncoa2,cKit,LSKd9,-0.574832885,0,3,,,,,,,,,,,,,,,,,,,,
Ywhae,cKit,LSKd9,-0.583652402,0,3,,,,,,,,,,,,,,,,,,,,
Chmp1a,cKit,LSKd9,-0.585018495,0,3,,,,,,,,,,,,,,,,,,,,
Jmjd6,cKit,LSKd9,-0.590521992,0,3,,,,,,,,,,,,,,,,,,,,
Sp140,cKit,LSKd9,-0.601915473,0,3,,,,,,,,,,,,,,,,,,,,
Kdm4c,cKit,LSKd9,-0.612005173,0,3,,,,,,,,,,,,,,,,,,,,
Tbp,cKit,LSKd9,-0.649579562,0,3,,,,,,,,,,,,,,,,,,,,
Rrp8,cKit,LSKd9,-0.649718114,0,3,,,,,,,,,,,,,,,,,,,,
Atxn7,cKit,LSKd9,-0.652918954,0,3,,,,,,,,,,,,,,,,,,,,
Asxl1,cKit,LSKd9,-0.665289525,0,3,,,,,,,,,,,,,,,,,,,,
Med16,cKit,LSKd9,-0.677223006,0,3,,,,,,,,,,,,,,,,,,,,
Mbip,cKit,LSKd9,-0.67861008,0,3,,,,,,,,,,,,,,,,,,,,
Chd9,cKit,LSKd9,-0.680384254,0,3,,,,,,,,,,,,,,,,,,,,
Mbd1,cKit,LSKd9,-0.69046879,0,3,,,,,,,,,,,,,,,,,,,,
Cxxc5,cKit,LSKd9,-0.767417477,0,3,,,,,,,,,,,,,,,,,,,,
Rad51,cKit,LSKd9,-0.770147512,0,3,,,,,,,,,,,,,,,,,,,,
Mta1,cKit,LSKd9,-0.803102468,0,3,,,,,,,,,,,,,,,,,,,,
Mllt3,cKit,LSKd9,-0.805745506,0,3,,,,,,,,,,,,,,,,,,,,
Cbx1,cKit,LSKd9,-0.814169738,0,3,,,,,,,,,,,,,,,,,,,,
Cdk17,cKit,LSKd9,-0.820556927,0,3,,,,,,,,,,,,,,,,,,,,
H3f3a,cKit,LSKd9,-0.831640358,0,3,,,,,,,,,,,,,,,,,,,,
Zmym2,cKit,LSKd9,-0.847054555,0,3,,,,,,,,,,,,,,,,,,,,
Kansl2,cKit,LSKd9,-0.865219767,0,3,,,,,,,,,,,,,,,,,,,,
Mcrs1,cKit,LSKd9,-0.895298028,0,3,,,,,,,,,,,,,,,,,,,,
Kdm1b,cKit,LSKd9,-0.896934944,0,3,,,,,,,,,,,,,,,,,,,,
Dot1l,cKit,LSKd9,-0.898493176,0,3,,,,,,,,,,,,,,,,,,,,
Jade1,cKit,LSKd9,-0.918197303,0,3,,,,,,,,,,,,,,,,,,,,
Med21,cKit,LSKd9,-0.971846676,0,3,,,,,,,,,,,,,,,,,,,,
Maml3,cKit,LSKd9,-1.035284474,0,3,,,,,,,,,,,,,,,,,,,,
Elp5,cKit,LSKd9,-1.043105807,0,3,,,,,,,,,,,,,,,,,,,,
Pds5b,cKit,LSKd9,-1.055750948,0,3,,,,,,,,,,,,,,,,,,,,
Mllt10,cKit,LSKd9,-1.06667345,0,3,,,,,,,,,,,,,,,,,,,,
Pcgf3,cKit,LSKd9,-1.078966394,0,3,,,,,,,,,,,,,,,,,,,,
Kansl3,cKit,LSKd9,-1.111656358,0,3,,,,,,,,,,,,,,,,,,,,
Spen,cKit,LSKd9,-1.13223261,0,3,,,,,,,,,,,,,,,,,,,,
Med28,cKit,LSKd9,-1.170617344,0,3,,,,,,,,,,,,,,,,,,,,
Jade3,cKit,LSKd9,-1.190090889,0,3,,,,,,,,,,,,,,,,,,,,
Mbd4,cKit,LSKd9,-1.195823185,0,3,,,,,,,,,,,,,,,,,,,,
Tex10,cKit,LSKd9,-1.199311035,0,3,,,,,,,,,,,,,,,,,,,,
Phf8,cKit,LSKd9,-1.24875051,0,3,,,,,,,,,,,,,,,,,,,,
Kdm4a,cKit,LSKd9,-1.251490874,0,3,,,,,,,,,,,,,,,,,,,,
Srcap,cKit,LSKd9,-1.287414941,0,3,,,,,,,,,,,,,,,,,,,,
Gatad2a,cKit,LSKd9,-1.310156594,0,3,,,,,,,,,,,,,,,,,,,,
Med11,cKit,LSKd9,-1.311129367,0,3,,,,,,,,,,,,,,,,,,,,
Rnf20,cKit,LSKd9,-1.367441561,0,3,,,,,,,,,,,,,,,,,,,,
Brd1,cKit,LSKd9,-1.372238674,0,3,,,,,,,,,,,,,,,,,,,,
Sf3b3,cKit,LSKd9,-1.448525854,0,3,,,,,,,,,,,,,,,,,,,,
Wapal,cKit,LSKd9,-1.479504094,0,3,,,,,,,,,,,,,,,,,,,,
Ddx31,cKit,LSKd9,-1.483907891,0,3,,,,,,,,,,,,,,,,,,,,
Wac,cKit,LSKd9,-1.594513199,0,3,,,,,,,,,,,,,,,,,,,,
Brd3,cKit,LSKd9,-1.669739259,0,3,,,,,,,,,,,,,,,,,,,,
Chd8,cKit,LSKd9,-1.746602166,0,3,,,,,,,,,,,,,,,,,,,,
Phf3,cKit,LSKd9,-1.747650078,0,3,,,,,,,,,,,,,,,,,,,,
Phip,cKit,LSKd9,-1.774468361,0,3,,,,,,,,,,,,,,,,,,,,
Med23,cKit,LSKd9,-1.781360665,0,3,,,,,,,,,,,,,,,,,,,,
Actr6,cKit,LSKd9,-1.85853736,0,3,,,,,,,,,,,,,,,,,,,,
Trrap,cKit,LSKd9,-1.895955073,0,3,,,,,,,,,,,,,,,,,,,,
Pkm,cKit,LSKd9,-1.946335276,0,3,,,,,,,,,,,,,,,,,,,,
Kdm2a,cKit,LSKd9,-2.006153178,0,3,,,,,,,,,,,,,,,,,,,,
Brd8,cKit,LSKd9,-2.047568183,0,3,,,,,,,,,,,,,,,,,,,,
Atxn7l3,cKit,LSKd9,-2.059357992,0,3,,,,,,,,,,,,,,,,,,,,
Smc6,cKit,LSKd9,-2.333469019,0,3,,,,,,,,,,,,,,,,,,,,
Syncrip,cKit,LSKd9,-2.45367137,0,3,,,,,,,,,,,,,,,,,,,,
Phf11a,cKit,LSKd9,-0.814566915,0,2,,,,,,,,,,,,,,,,,,,,